keyword,frequency,engagement,platform,frequency_norm,engagement_norm,platform_count,group_id,group_name
Marathi Remix Songs,5.0,242591.0,YouTube,0.13333333333333333,0.0029580128636221273,1.0,0.0,Marathi Remix Songs
Gaming and Social Media,4.0,156039.0,YouTube,0.1,0.001672529897964567,1.0,1.0,Gaming and Social Media
Gorakhpuriya Music,4.0,492001.0,YouTube,0.1,0.006662286669711554,1.0,2.0,Gorakhpuriya Music
Pokemon Pranks,2.0,3212947.0,YouTube,0.03333333333333333,0.0470741747078167,1.0,3.0,Pokemon Pranks
Killer Cop,8.0,1062255.0,YouTube,0.23333333333333334,0.015131782499941779,1.0,4.0,Killer Cop
Disney Vloggers,5.0,6638267.0,YouTube,0.13333333333333333,0.09794752843651337,1.0,5.0,Disney Vloggers
Smosh Production Team,11.0,4127257.0,YouTube,0.3333333333333333,0.06065364058186194,1.0,6.0,Smosh Production Team
Sims Content,5.0,504833.0,YouTube,0.13333333333333333,0.006852869410899717,1.0,7.0,Sims Content
Gaming Profits,6.0,765302.0,YouTube,0.16666666666666666,0.010721393102805843,1.0,8.0,Gaming Profits
Shiv Bhakti,7.0,1458480.0,YouTube,0.2,0.021016574163539,1.0,9.0,Shiv Bhakti
Hanumans Journey,4.0,424382.0,YouTube,0.1,0.005657999389755013,1.0,10.0,Hanumans Journey
Minecraft Influencers,3.0,655573.0,YouTube,0.06666666666666667,0.009091681942594198,1.0,11.0,Minecraft Influencers
Gaming Culture,8.0,2605186.0,YouTube,0.23333333333333334,0.0380476194267024,1.0,12.0,Gaming Culture
Kollywood Trailer,1.0,43427.0,YouTube,0.0,0.0,1.0,13.0,Kollywood Trailer
Gaming Promotions,4.0,240328.0,YouTube,0.1,0.00292440245656876,1.0,14.0,Gaming Promotions
Superhero Movie Trailers,5.0,744931.0,YouTube,0.13333333333333333,0.010418840030740378,1.0,15.0,Superhero Movie Trailers
Nintendo Movie Madness,17.0,10850161.0,YouTube,0.5333333333333333,0.1605031942808068,1.0,16.0,Nintendo Movie Madness
Gaming Gear,3.0,952721.0,YouTube,0.06666666666666667,0.013504967508256605,1.0,17.0,Gaming Gear
Gaming Influencers,14.0,9937991.0,YouTube,0.43333333333333335,0.1469555119998213,1.0,18.0,Gaming Influencers
Gardening Techniques,16.0,5693415.0,YouTube,0.5,0.08391444831049112,1.0,19.0,Gardening Techniques
Gaming Influencers,10.0,9937991.0,YouTube,0.3,0.1469555119998213,1.0,18.0,Gaming Influencers
YRF War Universe,7.0,66608825.0,YouTube,0.2,0.9886390289215251,1.0,20.0,YRF War Universe
Rainbow Six Command,10.0,2569683.0,YouTube,0.3,0.03752032367698269,1.0,21.0,Rainbow Six Command
Mobile Farming Game,8.0,2519808.0,YouTube,0.23333333333333334,0.036779572880788834,1.0,22.0,Mobile Farming Game
Online Gaming Community,7.0,2502235.0,YouTube,0.2,0.03651857611404167,1.0,23.0,Online Gaming Community
Online Entertainment,6.0,4160435.0,YouTube,0.16666666666666666,0.06114640509145833,1.0,24.0,Online Entertainment
Gospel Rest,7.0,1408099.0,YouTube,0.2,0.020268308181322605,1.0,25.0,Gospel Rest
Asmongold Reacts,17.0,5165142.0,YouTube,0.5333333333333333,0.07606846043364465,1.0,26.0,Asmongold Reacts
Funny GTA Mods,6.0,1844585.0,YouTube,0.16666666666666666,0.02675106210668546,1.0,27.0,Funny GTA Mods
Minecraft Challenge,11.0,2258798.0,YouTube,0.3333333333333333,0.03290301417774003,1.0,28.0,Minecraft Challenge
Avatar Trailer Breakdown,6.0,508134.0,YouTube,0.16666666666666666,0.0069018963458016905,1.0,29.0,Avatar Trailer Breakdown
Playful MLB Dynasty,2.0,119601.0,YouTube,0.03333333333333333,0.0011313473914640795,1.0,30.0,Playful MLB Dynasty
Telugu Shiva Songs,4.0,467752.0,YouTube,0.1,0.006302136974335016,1.0,31.0,Telugu Shiva Songs
Gaming Culture,20.0,2605186.0,YouTube,0.6333333333333333,0.0380476194267024,1.0,12.0,Gaming Culture
Big Wins at Vegas Casinos,15.0,1767181.0,YouTube,0.4666666666666667,0.025601446575285174,1.0,32.0,Big Wins at Vegas Casinos
Gaming Content,3.0,6601069.0,YouTube,0.06666666666666667,0.09739505829883278,1.0,33.0,Gaming Content
Blindwave Community,7.0,684589.0,YouTube,0.2,0.009522631819333265,1.0,34.0,Blindwave Community
Kannada Entertainment,3.0,224343.0,YouTube,0.06666666666666667,0.002686990898129485,1.0,35.0,Kannada Entertainment
Virtual Pet World,6.0,1576539.0,YouTube,0.16666666666666666,0.022770003702343028,1.0,36.0,Virtual Pet World
Deep Gaming,12.0,6630575.0,YouTube,0.36666666666666664,0.09783328572725376,1.0,37.0,Deep Gaming
Aphmaus YouTube Pranks,7.0,1610442.0,YouTube,0.2,0.023273536017999377,1.0,38.0,Aphmaus YouTube Pranks
Dragon Ball Social Media,13.0,25503801.0,YouTube,0.4,0.37814119923595807,1.0,39.0,Dragon Ball Social Media
Funbabes Social Media,10.0,979029.0,YouTube,0.3,0.013895697772843432,1.0,40.0,Funbabes Social Media
NBA Shooting Techniques,7.0,560458.0,YouTube,0.2,0.0076790200482587815,1.0,41.0,NBA Shooting Techniques
Social Media Gaming,2.0,2219601.0,YouTube,0.03333333333333333,0.03232085459962653,1.0,1.0,Gaming and Social Media
Popeye Movie Fanatics,9.0,6591763.0,YouTube,0.26666666666666666,0.09725684422546176,1.0,42.0,Popeye Movie Fanatics
Nijisanji Rap,8.0,3070008.0,YouTube,0.23333333333333334,0.04495122376932739,1.0,43.0,Nijisanji Rap
South Park Season,6.0,10838453.0,YouTube,0.16666666666666666,0.16032930535204815,2.0,44.0,South Park Season
Online Controversy,9.0,2376143.0,YouTube,0.26666666666666666,0.03464583928409328,1.0,45.0,Online Controversy
Roblox Secrets,18.0,3933363.0,YouTube,0.5666666666666667,0.05777389852918601,1.0,46.0,Roblox Secrets
Social Media Theft,8.0,1844240.0,YouTube,0.23333333333333334,0.026745938116215548,2.0,47.0,Social Media Theft
HBO Max Originals,10.0,8086630.0,YouTube,0.3,0.11945882759295899,1.0,48.0,HBO Max Originals
Horror Film Teaser,4.0,261801.0,YouTube,0.1,0.0032433225938453655,1.0,49.0,Horror Film Teaser
FIFA Ultimate Team,3.0,206695.0,YouTube,0.06666666666666667,0.0024248802204106037,1.0,50.0,FIFA Ultimate Team
Virtual Love,3.0,80038.0,YouTube,0.06666666666666667,0.0005437519278085884,1.0,51.0,Virtual Love
Youth Gaming Culture,8.0,634470.0,YouTube,0.23333333333333334,0.008778257099444743,1.0,12.0,Gaming Culture
Hindu Devotional Songs,6.0,611137.0,YouTube,0.16666666666666666,0.00843171197006948,1.0,52.0,Hindu Devotional Songs
Virtual Streamers,9.0,1269051.0,YouTube,0.26666666666666666,0.018203146944046143,1.0,53.0,Virtual Streamers
Online Entertainment,11.0,4160435.0,YouTube,0.3333333333333333,0.06114640509145833,1.0,24.0,Online Entertainment
Lokahs Film World,11.0,25426727.0,YouTube,0.3333333333333333,0.37699648491283333,1.0,54.0,Lokahs Film World
YouTube Gaming Challenge,7.0,2004611.0,YouTube,0.2,0.02912779166882518,1.0,55.0,YouTube Gaming Challenge
Brazilian Music Production,4.0,6369065.0,YouTube,0.1,0.09394930095106016,1.0,56.0,Brazilian Music Production
Marathi Music,10.0,478114.0,YouTube,0.3,0.006456034914187864,1.0,57.0,Marathi Music
German Twitch Streaming,5.0,293827.0,YouTube,0.13333333333333333,0.0037189774309161327,1.0,58.0,German Twitch Streaming
Rust Survival Moments,11.0,2324229.0,YouTube,0.3333333333333333,0.03387480496161493,1.0,59.0,Rust Survival Moments
Punjabi Music,5.0,5292326.0,YouTube,0.13333333333333333,0.07795741580734128,1.0,60.0,Punjabi Music
Telugu Movie Teasers,5.0,2830078.0,YouTube,0.13333333333333333,0.04138774831006339,1.0,61.0,Telugu Movie Teasers
Grounded Gaming,11.0,1584732.0,YouTube,0.3333333333333333,0.02289168733689373,1.0,62.0,Grounded Gaming
Fire Royale,7.0,320735.0,YouTube,0.2,0.004118618983276721,1.0,63.0,Fire Royale
Gaming Glory,11.0,1142823.0,YouTube,0.3333333333333333,0.016328390222202366,1.0,64.0,Gaming Glory
Night Camp,16.0,7600979.0,YouTube,0.5,0.11224586789526789,1.0,65.0,Night Camp
Comic Movie Trailer,10.0,11378599.0,YouTube,0.3,0.16835163276179105,1.0,66.0,Comic Movie Trailer
Avatar Trailer Review,18.0,1492670.0,YouTube,0.5666666666666667,0.021524369045180465,1.0,29.0,Avatar Trailer Breakdown
Gaming Highlights,13.0,287901.0,YouTube,0.4,0.0036309636120039563,1.0,67.0,Gaming Highlights
Roblox Fan Group,16.0,4483314.0,YouTube,0.5,0.06594185123329846,1.0,68.0,Roblox Fan Group
Esports Finals,7.0,1436876.0,YouTube,0.2,0.020695708395098458,1.0,69.0,Esports Finals
Social Media Gaming,9.0,2219601.0,YouTube,0.26666666666666666,0.03232085459962653,1.0,1.0,Gaming and Social Media
Social Media Gaming,8.0,2219601.0,YouTube,0.23333333333333334,0.03232085459962653,1.0,1.0,Gaming and Social Media
Samarth Spiritual Teachings,7.0,743085.0,YouTube,0.2,0.010391422968689775,1.0,70.0,Samarth Spiritual Teachings
German TikTok Stories,4.0,81774.0,YouTube,0.1,0.0005695352537673361,1.0,71.0,German TikTok Stories
Gaming Team,2.0,207050.0,YouTube,0.03333333333333333,0.002430152732343412,1.0,72.0,Gaming Team
Epic Adventure,5.0,1254142.0,YouTube,0.13333333333333333,0.01798171629501448,1.0,73.0,Epic Adventure
Futties Brawl,8.0,967181.0,YouTube,0.23333333333333334,0.013719729543604238,1.0,74.0,Futties Brawl
Roblox Base Building,5.0,803684.0,YouTube,0.13333333333333333,0.011291448181693316,1.0,75.0,Roblox Base Building
Shining Diamonds,5.0,4017845.0,YouTube,0.13333333333333333,0.059028637552024095,1.0,76.0,Shining Diamonds
BGMI Gaming Giveaway,6.0,581515.0,YouTube,0.16666666666666666,0.007991761692678914,1.0,77.0,BGMI Gaming Giveaway
Gaming Influencers,7.0,9937991.0,YouTube,0.2,0.1469555119998213,1.0,18.0,Gaming Influencers
Devotional Brawl,5.0,941126.0,YouTube,0.13333333333333333,0.01333275687202868,1.0,78.0,Devotional Brawl
YouTube Gaming,9.0,589432.0,YouTube,0.26666666666666666,0.008109346134853685,1.0,55.0,YouTube Gaming Challenge
Gaming Hardware,3.0,117597.0,YouTube,0.06666666666666667,0.0011015836902997186,1.0,79.0,Gaming Hardware
E-commerce Products,4.0,1484885.0,YouTube,0.1,0.021408745086315923,1.0,80.0,E-commerce Products
Nag Panchami Songs,16.0,2653940.0,YouTube,0.5,0.038771720966905614,1.0,81.0,Nag Panchami Songs
Indian Driving Game,7.0,4178454.0,YouTube,0.2,0.06141402591545065,1.0,82.0,Indian Driving Game
WWE Highlights,4.0,1088346.0,YouTube,0.1,0.015519289848783764,1.0,83.0,WWE Highlights
Online Gaming Culture,14.0,6898002.0,YouTube,0.43333333333333335,0.10180515065304294,1.0,12.0,Gaming Culture
Family Vlogging,4.0,2965460.0,YouTube,0.1,0.043398461579042175,1.0,84.0,Family Vlogging
Horror Gaming,8.0,789383.0,YouTube,0.23333333333333334,0.01107904763760573,1.0,85.0,Horror Gaming
Vocal Artists,10.0,1998456.0,YouTube,0.3,0.029036376708412682,1.0,86.0,Vocal Artists
Gaming Influencers,10.0,9937991.0,YouTube,0.3,0.1469555119998213,1.0,18.0,Gaming Influencers
Gaming Community,6.0,1297833.0,YouTube,0.16666666666666666,0.018630621418553445,1.0,23.0,Online Gaming Community
Bhojpuri Music,15.0,6535900.0,YouTube,0.4666666666666667,0.09642715877728576,1.0,87.0,Bhojpuri Music
Avatar Film Analysis,18.0,67373763.0,YouTube,0.5666666666666667,1.0,1.0,88.0,Avatar Film Analysis
Destiny Leveling,11.0,1202935.0,YouTube,0.3333333333333333,0.017221182439962873,1.0,89.0,Destiny Leveling
European Songstress,4.0,5815494.0,YouTube,0.1,0.08572758347737935,1.0,90.0,European Songstress
Formula Racing,14.0,29108217.0,YouTube,0.43333333333333335,0.43167451295653714,1.0,91.0,Formula Racing
Nighttime Adventures,10.0,1806453.0,YouTube,0.3,0.02618472006437039,1.0,92.0,Nighttime Adventures
Virtual Family Fun,18.0,11499207.0,YouTube,0.5666666666666667,0.17014292042148726,1.0,93.0,Virtual Family Fun
Funny Animal Games,16.0,11973959.0,YouTube,0.5,0.177194006576768,1.0,94.0,Funny Animal Games
High Limit Slots,6.0,778950.0,YouTube,0.16666666666666666,0.01092409519536632,1.0,95.0,High Limit Slots
Fortnite Community,10.0,1973823.0,YouTube,0.3,0.028670523788860938,1.0,96.0,Fortnite Community
Corrupted Roblox,12.0,9825257.0,YouTube,0.36666666666666664,0.1452811701400094,1.0,97.0,Corrupted Roblox
Avatar Trailer Reactions,10.0,2179937.0,YouTube,0.3,0.03173175906919579,1.0,29.0,Avatar Trailer Breakdown
Twitch Streamer Culture,4.0,787648.0,YouTube,0.1,0.011053279163793272,1.0,98.0,Twitch Streamer Culture
Escape Games,8.0,2228541.0,YouTube,0.23333333333333334,0.03245363278745557,1.0,99.0,Escape Games
Online Crime Culture,5.0,16806076.0,YouTube,0.13333333333333333,0.24896131514923675,1.0,100.0,Online Crime Culture
Gaming Influencers,6.0,9937991.0,YouTube,0.16666666666666666,0.1469555119998213,1.0,18.0,Gaming Influencers
Gaming Engine,10.0,2344177.0,YouTube,0.3,0.03417107557579989,1.0,101.0,Gaming Engine
eSports Millionaires,2.0,102245.0,YouTube,0.03333333333333333,0.0008735735404617615,1.0,102.0,eSports Millionaires
Gaming Community,10.0,1297833.0,YouTube,0.3,0.018630621418553445,1.0,23.0,Online Gaming Community
Powerful Hanuman Chalisa,5.0,1180208.0,YouTube,0.13333333333333333,0.016883637711239106,1.0,103.0,Powerful Hanuman Chalisa
Fair Use Criticism,8.0,2294005.0,YouTube,0.23333333333333334,0.03342591369215802,1.0,104.0,Fair Use Criticism
Naruto Fire Event,5.0,1120775.0,YouTube,0.13333333333333333,0.01600093010080924,1.0,105.0,Naruto Fire Event
Folk Songs,2.0,105384.0,YouTube,0.03333333333333333,0.0009201944276648196,1.0,106.0,Folk Songs
Gaming Community,7.0,1297833.0,YouTube,0.2,0.018630621418553445,1.0,23.0,Online Gaming Community
Marvel Entertainment,14.0,7367551.0,YouTube,0.43333333333333335,0.10877896109117888,1.0,107.0,Marvel Entertainment
Gaming Content Creator,10.0,789228.0,YouTube,0.3,0.011076745554930842,1.0,33.0,Gaming Content
Social Media Influencers,7.0,4770205.0,YouTube,0.2,0.07020279833446844,1.0,108.0,Social Media Influencers
Outdoor Vlogging,8.0,2151192.0,YouTube,0.23333333333333334,0.031304834124101205,1.0,109.0,Outdoor Vlogging
Tamil Music Scene,3.0,13885874.0,YouTube,0.06666666666666667,0.20559004785005083,1.0,110.0,Tamil Music Scene
Undertale Community,6.0,676960.0,YouTube,0.16666666666666666,0.009409324795289897,1.0,111.0,Undertale Community
Cute Social Media,4.0,298521.0,YouTube,0.1,0.0037886934055995206,1.0,40.0,Funbabes Social Media
Top Clash Royale Decks,10.0,6199127.0,YouTube,0.3,0.09142535691489792,1.0,112.0,Top Clash Royale Decks
Odia Music Videos,6.0,578186.0,YouTube,0.16666666666666666,0.007942318897680831,1.0,113.0,Odia Music Videos
Online Content Creation,8.0,555076.0,YouTube,0.23333333333333334,0.007599085796928149,1.0,114.0,Online Content Creation
Funny Roblox Games,18.0,5183991.0,YouTube,0.5666666666666667,0.07634840853905735,1.0,115.0,Funny Roblox Games
Lofi Singing,6.0,7199698.0,YouTube,0.16666666666666666,0.10628598378003044,1.0,116.0,Lofi Singing
Hololive Vtubers,6.0,1244112.0,YouTube,0.16666666666666666,0.017832749267729778,1.0,117.0,Hololive Vtubers
Sunderkand Path,4.0,2237213.0,YouTube,0.1,0.03258243060007899,1.0,118.0,Sunderkand Path
Minecraft Content Creators,14.0,6266427.0,YouTube,0.43333333333333335,0.09242490636018807,1.0,119.0,Minecraft Content Creators
Social Media Gaming,4.0,2219601.0,YouTube,0.1,0.03232085459962653,1.0,1.0,Gaming and Social Media
Bollywood Romance,7.0,19000539.0,YouTube,0.2,0.2815538006523538,1.0,120.0,Bollywood Romance
Gujarati Singer,6.0,921988.0,YouTube,0.16666666666666666,0.013048516496338293,1.0,121.0,Gujarati Singer
Spanish Music Videos,6.0,1062051.0,YouTube,0.16666666666666666,0.015128752662098701,1.0,113.0,Odia Music Videos
GTA Car Modding,10.0,719700.0,YouTube,0.3,0.010044105527707452,1.0,122.0,GTA Car Modding
Online Entertainment,4.0,4160435.0,YouTube,0.1,0.06114640509145833,1.0,24.0,Online Entertainment
Social Media Influencers,3.0,4770205.0,YouTube,0.06666666666666667,0.07020279833446844,1.0,108.0,Social Media Influencers
Pawan Kalyan Films,7.0,1685011.0,YouTube,0.2,0.024381045714668644,1.0,123.0,Pawan Kalyan Films
Gaming Mutations,11.0,3211402.0,YouTube,0.3333333333333333,0.04705122814179926,1.0,124.0,Gaming Mutations
Movie Trailer Secrets,10.0,3409348.0,YouTube,0.3,0.04999115109124066,1.0,125.0,Movie Trailer Secrets
Online Entertainment,12.0,4160435.0,YouTube,0.36666666666666664,0.06114640509145833,1.0,24.0,Online Entertainment
Social Media Charm,12.0,3325972.0,YouTube,0.36666666666666664,0.04875283854219887,2.0,47.0,Social Media Theft
Crime and Life,4.0,1482624.0,YouTube,0.1,0.021375164383555134,1.0,126.0,Crime and Life
Malayalam Movie Artists,5.0,2309654.0,YouTube,0.13333333333333333,0.033658334929443985,1.0,127.0,Malayalam Movie Artists
Melodious Love Songs,7.0,642857.0,YouTube,0.2,0.008902822050375628,1.0,128.0,Melodious Love Songs
Social Media Sports,4.0,401191.0,YouTube,0.1,0.005313563265152872,2.0,47.0,Social Media Theft
K-Pop Demons,5.0,1592036.0,YouTube,0.13333333333333333,0.023000167413392978,1.0,129.0,K-Pop Demons
MGM Studios,8.0,4312705.0,YouTube,0.23333333333333334,0.06340794140697589,1.0,130.0,MGM Studios
Roblox Community,14.0,3279144.0,YouTube,0.43333333333333335,0.04805734223574942,1.0,131.0,Roblox Community
Survival Content,7.0,1695860.0,YouTube,0.2,0.02454217664976453,1.0,132.0,Survival Content
Roblox Life,8.0,499516.0,YouTube,0.23333333333333334,0.0067739005490779075,1.0,133.0,Roblox Life
Mario Safety,14.0,4355144.0,YouTube,0.43333333333333335,0.06403825164336029,1.0,134.0,Mario Safety
CS:GO eSports,15.0,8412156.0,YouTube,0.4666666666666667,0.1242935873660277,1.0,135.0,CS:GO eSports
Social Media Marketing,5.0,333390.0,YouTube,0.13333333333333333,0.004306572894571624,1.0,136.0,Social Media Marketing
Social Media Influencers,8.0,4770205.0,YouTube,0.23333333333333334,0.07020279833446844,1.0,108.0,Social Media Influencers
Telugu Movie News,4.0,222909.0,YouTube,0.1,0.002665692920350197,1.0,61.0,Telugu Movie Teasers
Divine Song Production,7.0,1474766.0,YouTube,0.2,0.021258456218011448,1.0,137.0,Divine Song Production
Haryanvi Music,9.0,1920296.0,YouTube,0.26666666666666666,0.027875532954417456,1.0,138.0,Haryanvi Music
YouTube Gaming,6.0,589432.0,YouTube,0.16666666666666666,0.008109346134853685,1.0,55.0,YouTube Gaming Challenge
Music Production,7.0,3022985.0,YouTube,0.2,0.04425283129435148,1.0,56.0,Brazilian Music Production
Gaming Event Updates,5.0,2843080.0,YouTube,0.13333333333333333,0.04158085591612078,1.0,139.0,Gaming Event Updates
Roblox Theft,7.0,1245117.0,YouTube,0.2,0.01784767567475083,1.0,140.0,Roblox Theft
Gaming Influencers,22.0,9937991.0,YouTube,0.7,0.1469555119998213,1.0,18.0,Gaming Influencers
World War II Drama,6.0,834017.0,YouTube,0.16666666666666666,0.011741958335095788,1.0,141.0,World War II Drama
Nijisanji Minecraft,8.0,2980307.0,YouTube,0.23333333333333334,0.04361897139500388,1.0,142.0,Nijisanji Minecraft
Dead by Daylight Sounds,4.0,559639.0,YouTube,0.1,0.0076668561404475985,1.0,143.0,Dead by Daylight Sounds
Artistic Production,7.0,7945660.0,YouTube,0.2,0.11736512053051391,1.0,144.0,Artistic Production
Brazilian CS:GO Moments,4.0,995381.0,YouTube,0.1,0.014138560068970992,1.0,145.0,Brazilian CS:GO Moments
Horror Gaming,7.0,789383.0,YouTube,0.2,0.01107904763760573,1.0,85.0,Horror Gaming
League of Legends Content,8.0,2999384.0,YouTube,0.23333333333333334,0.0439023057897706,1.0,146.0,League of Legends Content
Gaming Career,2.0,273535.0,YouTube,0.03333333333333333,0.003417597678407546,1.0,147.0,Gaming Career
Funny Cartoon Escape,10.0,2355860.0,YouTube,0.3,0.0343445932009013,1.0,148.0,Funny Cartoon Escape
OSRS Economy Changes,7.0,805724.0,YouTube,0.2,0.011321746560124102,1.0,149.0,OSRS Economy Changes
Japanese YouTube Singing,1.0,101490.0,YouTube,0.0,0.0008623601700131127,1.0,150.0,Japanese YouTube Singing
Gaming Content,17.0,6601069.0,YouTube,0.5333333333333333,0.09739505829883278,1.0,33.0,Gaming Content
Social Media Influencers,10.0,4770205.0,YouTube,0.3,0.07020279833446844,1.0,108.0,Social Media Influencers
Gaming Challenges,31.0,6215342.0,YouTube,1.0,0.0916661844669838,1.0,151.0,Gaming Challenges
Spartacus Reviews,4.0,357417.0,YouTube,0.1,0.004663425413471871,1.0,152.0,Spartacus Reviews
Nintendo Social Media,11.0,3763017.0,YouTube,0.3333333333333333,0.05524389481733761,1.0,153.0,Nintendo Social Media
Tamil Movie Music,6.0,946005.0,YouTube,0.16666666666666666,0.013405220493775644,1.0,154.0,Tamil Movie Music
Silent Gaming,10.0,8926627.0,YouTube,0.3,0.1319345859197851,1.0,155.0,Silent Gaming
Virtual Battle,8.0,3330200.0,YouTube,0.23333333333333334,0.0488156334167113,1.0,156.0,Virtual Battle
Telugu Music,15.0,28741057.0,YouTube,0.4666666666666667,0.4262213989248472,1.0,157.0,Telugu Music
Gaming Fire,11.0,7407576.0,YouTube,0.3333333333333333,0.10937341824642016,1.0,158.0,Gaming Fire
Prime Boy Trailer,4.0,7626339.0,YouTube,0.1,0.11262251832517217,1.0,159.0,Prime Boy Trailer
Song Takedown,5.0,1920451.0,YouTube,0.13333333333333333,0.027877835037092343,1.0,160.0,Song Takedown
Garden Scams,3.0,1913442.0,YouTube,0.06666666666666667,0.02777373634374853,1.0,161.0,Garden Scams
Gaming Highlights,4.0,287901.0,YouTube,0.1,0.0036309636120039563,1.0,67.0,Gaming Highlights
Japanese Car Culture,10.0,1061934.0,YouTube,0.3,0.015127014960982817,1.0,162.0,Japanese Car Culture
Family Conflict,125.0,621042.0,Reddit,1.0,1.0,1.0,163.0,Family Conflict
Classic Car Restoration,10.0,45105.0,Reddit,0.07258064516129033,0.07223504661079064,1.0,164.0,Classic Car Restoration
Body Positivity,3.0,5136.0,Reddit,0.016129032258064516,0.007849814507256206,1.0,165.0,Body Positivity
Adoption and Family,1.0,2058.0,Reddit,0.0,0.0028915282250204983,1.0,166.0,Adoption and Family
Motherhood Grace,1.0,3876.0,Reddit,0.0,0.005820106672422875,1.0,167.0,Motherhood Grace
Veterinary Treatment,1.0,3882.0,Reddit,0.0,0.005829771947826843,1.0,168.0,Veterinary Treatment
Unfinished Renovation,1.0,3095.0,Reddit,0.0,0.0045620099906730095,1.0,169.0,Unfinished Renovation
Natalias Transformation,1.0,2807.0,Reddit,0.0,0.0040980767712825335,1.0,170.0,Natalias Transformation
Husbands Seat Swap,9.0,108057.0,Reddit,0.06451612903225806,0.1736431161492254,1.0,171.0,Husbands Seat Swap
Staying Sober,10.0,28636.0,Reddit,0.07258064516129033,0.04570547650613181,1.0,172.0,Staying Sober
Dynamic Modding,5.0,10338.0,Reddit,0.03225806451612903,0.016229608282496668,1.0,173.0,Dynamic Modding
Parliamentary Proceedings,6.0,12683.0,Reddit,0.04032258064516129,0.020007120086214258,1.0,174.0,Parliamentary Proceedings
First Love,13.0,69514.0,Reddit,0.0967741935483871,0.11155499783336743,1.0,175.0,First Love
Parenting and Cannabis,4.0,17093.0,Reddit,0.024193548387096774,0.027111097508130913,1.0,176.0,Parenting and Cannabis
Good vs. Evil,9.0,26415.0,Reddit,0.06451612903225806,0.042127713727429565,1.0,177.0,Good vs. Evil
Common Dutch Words,6.0,51858.0,Reddit,0.04032258064516129,0.08311331407795688,1.0,178.0,Common Dutch Words
Adams Best Episode,5.0,12334.0,Reddit,0.03225806451612903,0.019444923233550106,1.0,179.0,Adams Best Episode
Physical Attraction,6.0,33835.0,Reddit,0.04032258064516129,0.05408043764367029,1.0,180.0,Physical Attraction
Modern Dating,1.0,829.0,Reddit,0.0,0.0009117576464410039,1.0,181.0,Modern Dating
Brooklyn Birds,5.0,16488.0,Reddit,0.03225806451612903,0.026136515571564115,1.0,182.0,Brooklyn Birds
Financial Independence,16.0,87127.0,Reddit,0.12096774193548387,0.1399274137817162,1.0,183.0,Financial Independence
Trumps Rural Security,1.0,6292.0,Reddit,0.0,0.009711990901754087,1.0,184.0,Trumps Rural Security
Building a First Day Card,13.0,21916.0,Reddit,0.0967741935483871,0.03488036805368738,1.0,185.0,Building a First Day Card
Trumps Island Retreat,8.0,79428.0,Reddit,0.056451612903225805,0.12752525455919095,1.0,186.0,Trumps Island Retreat
Parenting Worries,5.0,13529.0,Reddit,0.03225806451612903,0.02136992391817378,1.0,187.0,Parenting Worries
Lemon Cake Friends,10.0,24920.0,Reddit,0.07258064516129033,0.03971944927260748,1.0,188.0,Lemon Cake Friends
Best Anime Design,1.0,570.0,Reddit,0.0,0.0004945399248363749,1.0,189.0,Best Anime Design
Celebrity Scandal,1.0,9674.0,Reddit,0.0,0.015159984471124184,1.0,190.0,Celebrity Scandal
Theoretical Concepts,2.0,4149.0,Reddit,0.008064516129032258,0.00625987670330343,1.0,191.0,Theoretical Concepts
Laundry Organization,3.0,7533.0,Reddit,0.016129032258064516,0.011711092031141518,1.0,192.0,Laundry Organization
Cute Red Canon,7.0,53469.0,Reddit,0.04838709677419355,0.08570844052392236,1.0,193.0,Cute Red Canon
Fake News,12.0,44198.0,Reddit,0.08870967741935484,0.07077397914555744,1.0,194.0,Fake News
Police Brutality,2.0,1383.0,Reddit,0.008064516129032258,0.0018041847420740714,1.0,195.0,Police Brutality
Healing from Heartbreak,2.0,72697.0,Reddit,0.008064516129032258,0.11668242643517258,1.0,196.0,Healing from Heartbreak
Loyal Love,2.0,7214.0,Reddit,0.008064516129032258,0.011197221555497206,1.0,197.0,Loyal Love
Nigersaurus Skull,1.0,6619.0,Reddit,0.0,0.010238748411270355,1.0,198.0,Nigersaurus Skull
Young Girls Struggle,21.0,187539.0,Reddit,0.16129032258064516,0.30167901942559266,1.0,199.0,Young Girls Struggle
Chernobyl Photography,13.0,64248.0,Reddit,0.0967741935483871,0.1030721077871513,1.0,200.0,Chernobyl Photography
Village Life,1.0,3495.0,Reddit,0.0,0.005206361684270892,1.0,201.0,Village Life
Old Laptop Commercials,3.0,9497.0,Reddit,0.016129032258064516,0.01487485884670712,1.0,202.0,Old Laptop Commercials
Soldiers Life,6.0,4892.0,Reddit,0.04032258064516129,0.007456759974161497,1.0,203.0,Soldiers Life
Mass Shooting,2.0,4206.0,Reddit,0.008064516129032258,0.006351696819641128,1.0,204.0,Mass Shooting
Racial Differences in Spray Paint,10.0,22640.0,Reddit,0.07258064516129033,0.03604664461909955,1.0,205.0,Racial Differences in Spray Paint
Buying Gems,8.0,19447.0,Reddit,0.056451612903225805,0.030903107224954453,1.0,206.0,Buying Gems
Humorous Departures,16.0,97612.0,Reddit,0.12096774193548387,0.1568174825501507,1.0,207.0,Humorous Departures
In-flight Comfort,22.0,147357.0,Reddit,0.1693548387096774,0.2369506700452174,1.0,208.0,In-flight Comfort
Aging Gas,2.0,2380.0,Reddit,0.008064516129032258,0.003410231338366794,1.0,209.0,Aging Gas
Online Security,6.0,8468.0,Reddit,0.04032258064516129,0.013217264114926568,1.0,210.0,Online Security
Life Choices,2.0,7287.0,Reddit,0.008064516129032258,0.011314815739578819,1.0,211.0,Life Choices
Colorful Portraits,7.0,22825.0,Reddit,0.04838709677419355,0.03634465727738857,1.0,212.0,Colorful Portraits
Foster Care Challenges,3.0,22328.0,Reddit,0.016129032258064516,0.035544050298093204,1.0,213.0,Foster Care Challenges
Housing Expenses,3.0,3707.0,Reddit,0.016129032258064516,0.005547868081877769,1.0,214.0,Housing Expenses
Deadly Advice,2.0,22007.0,Reddit,0.008064516129032258,0.0350269580639809,1.0,215.0,Deadly Advice
Recent Art,25.0,84174.0,Reddit,0.1935483870967742,0.13517048740372983,1.0,216.0,Recent Art
India Tour,2.0,1414.0,Reddit,0.008064516129032258,0.0018541219983279073,1.0,217.0,India Tour
First Settlement,1.0,1139.0,Reddit,0.0,0.0014111302089793631,1.0,218.0,First Settlement
Love and Trust,3.0,3944.0,Reddit,0.016129032258064516,0.0059296464603345155,1.0,219.0,Love and Trust
Possible Worries,3.0,7237.0,Reddit,0.016129032258064516,0.011234271777879085,1.0,220.0,Possible Worries
Team Messaging,5.0,17004.0,Reddit,0.03225806451612903,0.026967729256305382,1.0,221.0,Team Messaging
Superhero Scenes,5.0,10426.0,Reddit,0.03225806451612903,0.016371365655088205,1.0,222.0,Superhero Scenes
Understanding Fear,4.0,7046.0,Reddit,0.024193548387096774,0.010926593844186094,1.0,223.0,Understanding Fear
Playstation Gaming,1.0,3369.0,Reddit,0.0,0.005003390900787559,1.0,224.0,Playstation Gaming
Train Fire,4.0,6393.0,Reddit,0.024193548387096774,0.009874689704387552,1.0,225.0,Train Fire
Classic Game Development,9.0,32825.0,Reddit,0.06451612903225806,0.05245344961733564,1.0,226.0,Classic Game Development
Joyful Existence,5.0,7068.0,Reddit,0.03225806451612903,0.01096203318733398,1.0,227.0,Joyful Existence
Koos Embroidery,3.0,19467.0,Reddit,0.016129032258064516,0.030935324809634346,1.0,228.0,Koos Embroidery
Homemade Birthday Cakes,9.0,29769.0,Reddit,0.06451612903225806,0.04753060267824782,1.0,229.0,Homemade Birthday Cakes
American Religion,11.0,35474.0,Reddit,0.08064516129032258,0.056720668708187615,1.0,230.0,American Religion
Nighttime Worries,14.0,79089.0,Reddit,0.10483870967741936,0.12697916649886676,1.0,231.0,Nighttime Worries
Korean Special Unit,6.0,4813.0,Reddit,0.04032258064516129,0.007329500514675916,1.0,232.0,Korean Special Unit
Military Drones,1.0,263.0,Reddit,0.0,0.0,1.0,233.0,Military Drones
Road Rage in Lucknow,7.0,11857.0,Reddit,0.04838709677419355,0.01867653383893463,1.0,234.0,Road Rage in Lucknow
Trump-Epstein Connection,2.0,104518.0,Reddit,0.008064516129032258,0.16794221454011815,1.0,235.0,Trump-Epstein Connection
Receiving Benefits,5.0,17252.0,Reddit,0.03225806451612903,0.027367227306336072,1.0,236.0,Receiving Benefits
Top Season Performances,6.0,50541.0,Reddit,0.04032258064516129,0.08099178612678586,1.0,237.0,Top Season Performances
Dog Care,8.0,18096.0,Reddit,0.056451612903225805,0.028726809379827602,1.0,238.0,Dog Care
Sick Jedi Duel,5.0,3950.0,Reddit,0.03225806451612903,0.005939311735738483,1.0,239.0,Sick Jedi Duel
Hilarious Waterfowl,7.0,20494.0,Reddit,0.04838709677419355,0.03258969778294691,1.0,240.0,Hilarious Waterfowl
Job Satisfaction,2.0,4097.0,Reddit,0.008064516129032258,0.006176110983135705,1.0,241.0,Job Satisfaction
Emotional Gaming,8.0,34295.0,Reddit,0.056451612903225805,0.054821442091307855,1.0,242.0,Emotional Gaming
Bladder Cancer,1.0,1067.0,Reddit,0.0,0.0012951469041317441,1.0,243.0,Bladder Cancer
Honest Pay,4.0,8587.0,Reddit,0.024193548387096774,0.013408958743771938,1.0,244.0,Honest Pay
Super Golem,1.0,597.0,Reddit,0.0,0.000538033664154232,1.0,245.0,Super Golem
Airbnb Neighbourhoods,4.0,2691.0,Reddit,0.024193548387096774,0.003911214780139147,1.0,246.0,Airbnb Neighbourhoods
Layered Oak Projects,7.0,39586.0,Reddit,0.04838709677419355,0.06334460411837385,1.0,247.0,Layered Oak Projects
Fantasy Gaming,18.0,46680.0,Reddit,0.13709677419354838,0.0747721814043323,1.0,248.0,Fantasy Gaming
Gaming Trends,9.0,27682.0,Reddit,0.06451612903225806,0.044168697716900865,1.0,249.0,Gaming Trends
Government Power,3.0,5714.0,Reddit,0.016129032258064516,0.008780902704505145,1.0,250.0,Government Power
ID Verification App,1.0,4845.0,Reddit,0.0,0.007381048650163746,1.0,251.0,ID Verification App
Twin Chat,13.0,34338.0,Reddit,0.0967741935483871,0.05489070989836963,1.0,252.0,Twin Chat
Character Interactions,12.0,22561.0,Reddit,0.08870967741935484,0.035919385159613966,1.0,253.0,Character Interactions
Elderly Loneliness,1.0,1878.0,Reddit,0.0,0.002601569962901451,1.0,254.0,Elderly Loneliness
Trump-Epstein Connection,9.0,104518.0,Reddit,0.06451612903225806,0.16794221454011815,1.0,235.0,Trump-Epstein Connection
Summer Fun,10.0,39313.0,Reddit,0.07258064516129033,0.0629048340874933,1.0,255.0,Summer Fun
Adopted Cats,3.0,42619.0,Reddit,0.016129032258064516,0.0682304008350798,1.0,256.0,Adopted Cats
Epstein File Release,26.0,147753.0,Reddit,0.20161290322580644,0.2375885782218793,1.0,257.0,Epstein File Release
Lukas Transformation,2.0,4535.0,Reddit,0.008064516129032258,0.006881676087625387,1.0,258.0,Lukas Transformation
Arabian Desert Exploration,4.0,5950.0,Reddit,0.024193548387096774,0.009161070203727896,1.0,259.0,Arabian Desert Exploration
Gender and Body Image,15.0,51013.0,Reddit,0.11290322580645161,0.08175212112523136,1.0,260.0,Gender and Body Image
Interactive Gaming,5.0,11342.0,Reddit,0.03225806451612903,0.017846931033427355,1.0,261.0,Interactive Gaming
Trumps Advice,4.0,8869.0,Reddit,0.024193548387096774,0.013863226687758445,1.0,262.0,Trumps Advice
Urban Parking Protection,9.0,62509.0,Reddit,0.06451612903225806,0.10027078879923451,1.0,263.0,Urban Parking Protection
Arctic Housing,9.0,91548.0,Reddit,0.06451612903225806,0.1470491108752068,1.0,264.0,Arctic Housing
Essential Health Tips,22.0,37500.0,Reddit,0.1693548387096774,0.05998431003626089,1.0,265.0,Essential Health Tips
Saturday Comic,1.0,3825.0,Reddit,0.0,0.005737951831489145,1.0,266.0,Saturday Comic
Manchester United Deal,1.0,1185.0,Reddit,0.0,0.0014852306537431195,1.0,267.0,Manchester United Deal
Personal Relationships,6.0,14652.0,Reddit,0.04032258064516129,0.023178941297949833,1.0,268.0,Personal Relationships
Real Estate Trends,9.0,14341.0,Reddit,0.06451612903225806,0.02267795785617748,1.0,269.0,Real Estate Trends
Divine Vacation,13.0,54365.0,Reddit,0.0967741935483871,0.08715178831758162,1.0,270.0,Divine Vacation
Pirate Lords,5.0,27222.0,Reddit,0.03225806451612903,0.043427693269263296,1.0,271.0,Pirate Lords
Wrestling Star,3.0,19299.0,Reddit,0.016129032258064516,0.030664697098323236,1.0,272.0,Wrestling Star
Social Media Struggles,5.0,5861.0,Reddit,0.03225806451612903,0.009017701951902367,2.0,47.0,Social Media Theft
Twitter Alerts,9.0,17461.0,Reddit,0.06451612903225806,0.027703901066240964,1.0,273.0,Twitter Alerts
Community Creation,5.0,27092.0,Reddit,0.03225806451612903,0.04321827896884398,1.0,274.0,Community Creation
Steam Gaming,2.0,5889.0,Reddit,0.008064516129032258,0.00906280657045422,1.0,275.0,Steam Gaming
Trumps Scottish Golf,4.0,27519.0,Reddit,0.024193548387096774,0.04390612440175973,1.0,276.0,Trumps Scottish Golf
Bursa Fire,3.0,8109.0,Reddit,0.016129032258064516,0.012638958469922468,1.0,277.0,Bursa Fire
Bridal Shower Quilts,12.0,32999.0,Reddit,0.08870967741935484,0.05273374260405072,1.0,278.0,Bridal Shower Quilts
Leaked Fanart,5.0,4325.0,Reddit,0.03225806451612903,0.006543391448486499,1.0,279.0,Leaked Fanart
Early Access Gaming,3.0,8637.0,Reddit,0.016129032258064516,0.013489502705471673,1.0,280.0,Early Access Gaming
Danicas Family Finances,6.0,106090.0,Reddit,0.04032258064516129,0.1704745166959578,1.0,281.0,Danicas Family Finances
Overcoming Hate,4.0,5722.0,Reddit,0.024193548387096774,0.008793789738377104,1.0,282.0,Overcoming Hate
Diamond Blackwork,5.0,29655.0,Reddit,0.03225806451612903,0.04734696244557242,1.0,283.0,Diamond Blackwork
Summer Memories,5.0,7238.0,Reddit,0.03225806451612903,0.011235882657113078,1.0,284.0,Summer Memories
ChatGPT Experiments,11.0,18529.0,Reddit,0.08064516129032258,0.029424320088147313,1.0,285.0,ChatGPT Experiments
Gym Maintenance,1.0,2165.0,Reddit,0.0,0.003063892303057932,1.0,286.0,Gym Maintenance
Longevity Study,3.0,6243.0,Reddit,0.016129032258064516,0.009633057819288346,1.0,287.0,Longevity Study
Iconic Performance,7.0,25801.0,Reddit,0.04838709677419355,0.04113863387775682,1.0,288.0,Iconic Performance
Lost Pup,1.0,3695.0,Reddit,0.0,0.005528537531069833,1.0,289.0,Lost Pup
Overcoming Obstacles,4.0,10718.0,Reddit,0.024193548387096774,0.016841742391414657,1.0,290.0,Overcoming Obstacles
Pregnancy Planning,13.0,26158.0,Reddit,0.0967741935483871,0.04171371776429293,1.0,291.0,Pregnancy Planning
Chefs Kitchen,12.0,11636.0,Reddit,0.08870967741935484,0.018320529528221798,1.0,292.0,Chefs Kitchen
UFC Fighter Life,4.0,20141.0,Reddit,0.024193548387096774,0.03202105741334678,1.0,293.0,UFC Fighter Life
Parenting Struggles,19.0,77618.0,Reddit,0.14516129032258066,0.12460956314566053,1.0,294.0,Parenting Struggles
Teachers Mental Health,19.0,57914.0,Reddit,0.14516129032258066,0.09286879871902884,1.0,295.0,Teachers Mental Health
 hulkhogan,51000.0,51000.0,TikTok,0.05026490503649825,0.05026490503649825,1.0,296.0, hulkhogan
 wwe,55000.0,55000.0,TikTok,0.05426800343465842,0.05426800343465842,1.0,297.0, wwe
 promomakangajian,1000000.0,1000000.0,TikTok,1.0,1.0,1.0,298.0, promomakangajian
 fantasticfour,55000.0,55000.0,TikTok,0.05426800343465842,0.05426800343465842,1.0,299.0, fantasticfour
 saiyara,83000.0,83000.0,TikTok,0.08228969222177966,0.08228969222177966,1.0,300.0, saiyara
 clubworldcup,64000.0,64000.0,TikTok,0.06327497483051882,0.06327497483051882,1.0,301.0, clubworldcup
 fantasticfour,32000.0,32000.0,TikTok,0.03125018764523741,0.03125018764523741,1.0,299.0, fantasticfour
 tiktokshopbacktoschool,90000.0,90000.0,TikTok,0.08929511441855996,0.08929511441855996,1.0,302.0, tiktokshopbacktoschool
 hulk,11000.0,11000.0,TikTok,0.01023392105489649,0.01023392105489649,1.0,303.0, hulk
 southpark,13000.0,13000.0,TikTok,0.012235470253976578,0.012235470253976578,1.0,304.0, southpark
 hulkamania,7000.0,7000.0,TikTok,0.006230822656736314,0.006230822656736314,1.0,305.0, hulkamania
 livestory,22000.0,22000.0,TikTok,0.021242441649836973,0.021242441649836973,1.0,306.0, livestory
 nerd,18000.0,18000.0,TikTok,0.017239343251676798,0.017239343251676798,1.0,307.0, nerd
 teaapp,11000.0,11000.0,TikTok,0.01023392105489649,0.01023392105489649,1.0,308.0, teaapp
 fiji,5000.0,5000.0,TikTok,0.004229273457656226,0.004229273457656226,1.0,309.0, fiji
 wwf,4000.0,4000.0,TikTok,0.003228498858116182,0.003228498858116182,1.0,310.0, wwf
 nickiminajchallenge,10000.0,10000.0,TikTok,0.009233146455356446,0.009233146455356446,1.0,311.0, nickiminajchallenge
 nerdout,13000.0,13000.0,TikTok,0.012235470253976578,0.012235470253976578,1.0,312.0, nerdout
 bryankohberger,3000.0,3000.0,TikTok,0.002227724258576138,0.002227724258576138,1.0,313.0, bryankohberger
 wrestlemania,4000.0,4000.0,TikTok,0.003228498858116182,0.003228498858116182,1.0,314.0, wrestlemania
 pedropascal,7000.0,7000.0,TikTok,0.006230822656736314,0.006230822656736314,1.0,315.0, pedropascal
 fantasticfourfirststeps,7000.0,7000.0,TikTok,0.006230822656736314,0.006230822656736314,1.0,316.0, fantasticfourfirststeps
 bullyingawareness,6000.0,6000.0,TikTok,0.00523004805719627,0.00523004805719627,1.0,317.0, bullyingawareness
 illcallyouback,8000.0,8000.0,TikTok,0.007231597256276358,0.007231597256276358,1.0,318.0, illcallyouback
 summerlooks,9000.0,9000.0,TikTok,0.008232371855816403,0.008232371855816403,1.0,319.0, summerlooks
 chicharito,6000.0,6000.0,TikTok,0.00523004805719627,0.00523004805719627,1.0,320.0, chicharito
 happygilmore2,13000.0,13000.0,TikTok,0.012235470253976578,0.012235470253976578,1.0,321.0, happygilmore2
 bullying,5000.0,5000.0,TikTok,0.004229273457656226,0.004229273457656226,1.0,322.0, bullying
 folklore,4000.0,4000.0,TikTok,0.003228498858116182,0.003228498858116182,1.0,323.0, folklore
 fantastic4,6000.0,6000.0,TikTok,0.00523004805719627,0.00523004805719627,1.0,324.0, fantastic4
 happygilmore,10000.0,10000.0,TikTok,0.009233146455356446,0.009233146455356446,1.0,325.0, happygilmore
 pinkcardigan,3000.0,3000.0,TikTok,0.002227724258576138,0.002227724258576138,1.0,326.0, pinkcardigan
 buildingtheband,4000.0,4000.0,TikTok,0.003228498858116182,0.003228498858116182,1.0,327.0, buildingtheband
 hulkhoganforever,2000.0,2000.0,TikTok,0.0012269496590360939,0.0012269496590360939,1.0,328.0, hulkhoganforever
 wcw,3000.0,3000.0,TikTok,0.002227724258576138,0.002227724258576138,1.0,329.0, wcw
 legends,4000.0,4000.0,TikTok,0.003228498858116182,0.003228498858116182,1.0,330.0, legends
 fnaf2,3000.0,3000.0,TikTok,0.002227724258576138,0.002227724258576138,1.0,331.0, fnaf2
 99nightsintheforest,4000.0,4000.0,TikTok,0.003228498858116182,0.003228498858116182,1.0,332.0, 99nightsintheforest
 99nightsintheforestroblox,5000.0,5000.0,TikTok,0.004229273457656226,0.004229273457656226,1.0,333.0, 99nightsintheforestroblox
 newmoon,4000.0,4000.0,TikTok,0.003228498858116182,0.003228498858116182,1.0,334.0, newmoon
 jayguapo,3000.0,3000.0,TikTok,0.002227724258576138,0.002227724258576138,1.0,335.0, jayguapo
 summer2025üå¥‚òÄÔ∏è,8000.0,8000.0,TikTok,0.007231597256276358,0.007231597256276358,1.0,336.0, summer2025üå¥‚òÄÔ∏è
 sdcc,6000.0,6000.0,TikTok,0.00523004805719627,0.00523004805719627,1.0,337.0, sdcc
 hogan,2000.0,2000.0,TikTok,0.0012269496590360939,0.0012269496590360939,2.0,338.0, hogan
 throwbackthursday,2000.0,2000.0,TikTok,0.0012269496590360939,0.0012269496590360939,1.0,339.0, throwbackthursday
 traviskelce,4000.0,4000.0,TikTok,0.003228498858116182,0.003228498858116182,1.0,340.0, traviskelce
 trainingcamp,3000.0,3000.0,TikTok,0.002227724258576138,0.002227724258576138,1.0,341.0, trainingcamp
 thething,4000.0,4000.0,TikTok,0.003228498858116182,0.003228498858116182,1.0,342.0, thething
 nwo,2000.0,2000.0,TikTok,0.0012269496590360939,0.0012269496590360939,1.0,343.0, nwo
 hulkster,1000.0,1000.0,TikTok,0.00022617505949604994,0.00022617505949604994,1.0,344.0, hulkster
 runseokjin_eptour,7000.0,7000.0,TikTok,0.006230822656736314,0.006230822656736314,1.0,345.0, runseokjin_eptour
 galactus,3000.0,3000.0,TikTok,0.002227724258576138,0.002227724258576138,2.0,346.0, galactus
 comiccon,6000.0,6000.0,TikTok,0.00523004805719627,0.00523004805719627,1.0,347.0, comiccon
 fnaf2movie,1000.0,1000.0,TikTok,0.00022617505949604994,0.00022617505949604994,1.0,348.0, fnaf2movie
 nique,1000.0,1000.0,TikTok,0.00022617505949604994,0.00022617505949604994,1.0,349.0, nique
 mediaday,3000.0,3000.0,TikTok,0.002227724258576138,0.002227724258576138,1.0,350.0, mediaday
 idahocollegestudents,966.0,966.0,TikTok,0.00019214872311168845,0.00019214872311168845,1.0,351.0, idahocollegestudents
 saiyaara,4000.0,4000.0,TikTok,0.003228498858116182,0.003228498858116182,1.0,352.0, saiyaara
 chuckmangione,1000.0,1000.0,TikTok,0.00022617505949604994,0.00022617505949604994,1.0,353.0, chuckmangione
 happythursday,1000.0,1000.0,TikTok,0.00022617505949604994,0.00022617505949604994,1.0,354.0, happythursday
 suestorm,3000.0,3000.0,TikTok,0.002227724258576138,0.002227724258576138,1.0,355.0, suestorm
 wrestlinglegend,1000.0,1000.0,TikTok,0.00022617505949604994,0.00022617505949604994,1.0,356.0, wrestlinglegend
 reedrichards,3000.0,3000.0,TikTok,0.002227724258576138,0.002227724258576138,1.0,357.0, reedrichards
 humantorch,3000.0,3000.0,TikTok,0.002227724258576138,0.002227724258576138,1.0,358.0, humantorch
 thursdayvibes,2000.0,2000.0,TikTok,0.0012269496590360939,0.0012269496590360939,1.0,359.0, thursdayvibes
 leoszn,4000.0,4000.0,TikTok,0.003228498858116182,0.003228498858116182,1.0,360.0, leoszn
 norrisnuts,2000.0,2000.0,TikTok,0.0012269496590360939,0.0012269496590360939,1.0,361.0, norrisnuts
 realamerican,1000.0,1000.0,TikTok,0.00022617505949604994,0.00022617505949604994,1.0,362.0, realamerican
 vanessakirby,2000.0,2000.0,TikTok,0.0012269496590360939,0.0012269496590360939,1.0,363.0, vanessakirby
 fnafmovie,1000.0,1000.0,TikTok,0.00022617505949604994,0.00022617505949604994,1.0,364.0, fnafmovie
 thesubway,1000.0,1000.0,TikTok,0.00022617505949604994,0.00022617505949604994,1.0,365.0, thesubway
 blowmyhigh,3000.0,3000.0,TikTok,0.002227724258576138,0.002227724258576138,1.0,366.0, blowmyhigh
 pleasing,1000.0,1000.0,TikTok,0.00022617505949604994,0.00022617505949604994,1.0,367.0, pleasing
 conradfisheredit,1000.0,1000.0,TikTok,0.00022617505949604994,0.00022617505949604994,1.0,368.0, conradfisheredit
 nationaltequiladay,1000.0,1000.0,TikTok,0.00022617505949604994,0.00022617505949604994,1.0,369.0, nationaltequiladay
 niqueandking,1000.0,1000.0,TikTok,0.00022617505949604994,0.00022617505949604994,1.0,370.0, niqueandking
 thesecretofus,2000.0,2000.0,TikTok,0.0012269496590360939,0.0012269496590360939,1.0,371.0, thesecretofus
 mrfantastic,3000.0,3000.0,TikTok,0.002227724258576138,0.002227724258576138,1.0,372.0, mrfantastic
 paramount,2000.0,2000.0,TikTok,0.0012269496590360939,0.0012269496590360939,1.0,373.0, paramount
 nichetok,3000.0,3000.0,TikTok,0.002227724258576138,0.002227724258576138,1.0,374.0, nichetok
 silversurfer,3000.0,3000.0,TikTok,0.002227724258576138,0.002227724258576138,1.0,375.0, silversurfer
 johnnystorm,2000.0,2000.0,TikTok,0.0012269496590360939,0.0012269496590360939,1.0,376.0, johnnystorm
 –Ω–∞—Ç–∞—à–∞,3000.0,3000.0,TikTok,0.002227724258576138,0.002227724258576138,1.0,377.0, –Ω–∞—Ç–∞—à–∞
 —Ç–∏–º–æ—Ö–∞,3000.0,3000.0,TikTok,0.002227724258576138,0.002227724258576138,1.0,378.0, —Ç–∏–º–æ—Ö–∞
 –º—É–ª—å—Ç–∏–∫–≤–µ–∑—É—Ö–∞,3000.0,3000.0,TikTok,0.002227724258576138,0.002227724258576138,1.0,379.0, –º—É–ª—å—Ç–∏–∫–≤–µ–∑—É—Ö–∞
 –º—É–ª—å—Ç–≤–µ–∑—É—Ö–∞,3000.0,3000.0,TikTok,0.002227724258576138,0.002227724258576138,1.0,380.0, –º—É–ª—å—Ç–≤–µ–∑—É—Ö–∞
 kohberger,834.0,834.0,TikTok,6.004647597240264e-05,6.004647597240264e-05,2.0,381.0, kohberger
 –ª—é—Å—è,3000.0,3000.0,TikTok,0.002227724258576138,0.002227724258576138,1.0,382.0, –ª—é—Å—è
 cutbaby,4000.0,4000.0,TikTok,0.003228498858116182,0.003228498858116182,1.0,383.0, cutbaby
 tiktokshopcreatorpick,8000.0,8000.0,TikTok,0.007231597256276358,0.007231597256276358,1.0,384.0, tiktokshopcreatorpick
 tsoutour,2000.0,2000.0,TikTok,0.0012269496590360939,0.0012269496590360939,1.0,385.0, tsoutour
 thirstythursday,1000.0,1000.0,TikTok,0.00022617505949604994,0.00022617505949604994,1.0,386.0, thirstythursday
 tmz,1000.0,1000.0,TikTok,0.00022617505949604994,0.00022617505949604994,1.0,387.0, tmz
 straykidscomeback,2000.0,2000.0,TikTok,0.0012269496590360939,0.0012269496590360939,1.0,388.0, straykidscomeback
 wwfwrestling,835.0,835.0,TikTok,6.104725057194268e-05,6.104725057194268e-05,1.0,389.0, wwfwrestling
 sdcc2025,3000.0,3000.0,TikTok,0.002227724258576138,0.002227724258576138,1.0,390.0, sdcc2025
 battlefield6,1000.0,1000.0,TikTok,0.00022617505949604994,0.00022617505949604994,1.0,391.0, battlefield6
 justinfields,774.0,774.0,TikTok,0.0,0.0,1.0,392.0, justinfields
 chicharitohernandez,2000.0,2000.0,TikTok,0.0012269496590360939,0.0012269496590360939,1.0,393.0, chicharitohernandez
 thefantasticfour,2000.0,2000.0,TikTok,0.0012269496590360939,0.0012269496590360939,1.0,394.0, thefantasticfour
 f4,2000.0,2000.0,TikTok,0.0012269496590360939,0.0012269496590360939,1.0,395.0, f4
 makeitmove,3000.0,3000.0,TikTok,0.002227724258576138,0.002227724258576138,1.0,396.0, makeitmove
 danieltiger,817.0,817.0,TikTok,4.3033307780221895e-05,4.3033307780221895e-05,1.0,397.0, danieltiger
#WWERaw,6.0,431077.0,X/Twitter,0.4166666666666667,0.13033288904565676,1.0,398.0,#WWERaw
NYPD,6.0,514448.0,X/Twitter,0.4166666666666667,0.15555352537128675,1.0,399.0,NYPD
Ryno,5.0,80951.0,X/Twitter,0.3333333333333333,0.024415957329022353,1.0,400.0,Ryno
Cubs,5.0,283388.0,X/Twitter,0.3333333333333333,0.08565535659077475,2.0,401.0,Cubs
Roman,5.0,309435.0,X/Twitter,0.3333333333333333,0.09353485802860906,1.0,402.0,Roman
Manhattan,6.0,718244.0,X/Twitter,0.4166666666666667,0.2172040369474714,1.0,403.0,Manhattan
Shane Tamura,6.0,239056.0,X/Twitter,0.4166666666666667,0.07224444332851535,1.0,404.0,Shane Tamura
Blackstone,6.0,164057.0,X/Twitter,0.4166666666666667,0.049556428265892564,1.0,405.0,Blackstone
Bronson,5.0,240.0,X/Twitter,0.3333333333333333,0.0,1.0,406.0,Bronson
Mario Paint,5.0,240.0,X/Twitter,0.3333333333333333,0.0,1.0,407.0,Mario Paint
Brazoban,4.0,240.0,X/Twitter,0.25,0.0,1.0,408.0,Brazoban
#MondayMotivation,7.0,286072.0,X/Twitter,0.5,0.08646729584900592,1.0,409.0,#MondayMotivation
Soto,6.0,78781.0,X/Twitter,0.4166666666666667,0.023759508673895063,1.0,410.0,Soto
Starmer,6.0,1679161.0,X/Twitter,0.4166666666666667,0.5078919043847745,1.0,411.0,Starmer
#RawonNetflix,5.0,240.0,X/Twitter,0.3333333333333333,0.0,1.0,412.0,#RawonNetflix
Privilege,5.0,335849.0,X/Twitter,0.3333333333333333,0.10152538096710315,1.0,413.0,Privilege
Luka,5.0,194300.0,X/Twitter,0.3333333333333333,0.05870526544424028,1.0,414.0,Luka
The EU,13.0,3305906.0,X/Twitter,1.0,1.0,1.0,415.0,The EU
Pete Dunne,5.0,240.0,X/Twitter,0.3333333333333333,0.0,1.0,416.0,Pete Dunne
Ben Williamson,4.0,240.0,X/Twitter,0.25,0.0,1.0,417.0,Ben Williamson
Jordan Hicks,4.0,240.0,X/Twitter,0.25,0.0,1.0,418.0,Jordan Hicks
#WeWantMelo,6.0,34150.0,X/Twitter,0.4166666666666667,0.010258144652242543,1.0,419.0,#WeWantMelo
Brees,5.0,240.0,X/Twitter,0.3333333333333333,0.0,1.0,420.0,Brees
AR-15,6.0,77152.0,X/Twitter,0.4166666666666667,0.023266718416198127,1.0,421.0,AR-15
Coach Prime,6.0,240.0,X/Twitter,0.4166666666666667,0.0,1.0,422.0,Coach Prime
Montas,3.0,240.0,X/Twitter,0.16666666666666666,0.0,1.0,423.0,Montas
Karrueche,4.0,240.0,X/Twitter,0.25,0.0,1.0,424.0,Karrueche
Didarul Islam,4.0,41560.0,X/Twitter,0.25,0.01249975042850669,1.0,425.0,Didarul Islam
Good Monday,6.0,241163.0,X/Twitter,0.4166666666666667,0.07288183379688087,1.0,426.0,Good Monday
Bryce Harper,4.0,240.0,X/Twitter,0.25,0.0,1.0,427.0,Bryce Harper
Witten,4.0,240.0,X/Twitter,0.25,0.0,1.0,428.0,Witten
Dolly,9.0,108187.0,X/Twitter,0.6666666666666666,0.03265514422812226,1.0,429.0,Dolly
New York City,5.0,263896.0,X/Twitter,0.3333333333333333,0.07975881410886641,1.0,430.0,New York City
hayley,4.0,51395.0,X/Twitter,0.25,0.015474945139648108,1.0,431.0,hayley
Cease,4.0,90944.0,X/Twitter,0.25,0.027438948762518657,1.0,432.0,Cease
Roy Cooper,5.0,27825.0,X/Twitter,0.3333333333333333,0.008344763203542039,1.0,433.0,Roy Cooper
#Mets,3.0,240.0,X/Twitter,0.16666666666666666,0.0,1.0,434.0,#Mets
Manfred,4.0,240.0,X/Twitter,0.25,0.0,1.0,435.0,Manfred
Deion Sanders,3.0,38726.0,X/Twitter,0.16666666666666666,0.011642434535128473,1.0,436.0,Deion Sanders
Tatis,3.0,240.0,X/Twitter,0.16666666666666666,0.0,1.0,437.0,Tatis
Emmanuel Clase,4.0,240.0,X/Twitter,0.25,0.0,1.0,438.0,Emmanuel Clase
#ActiveShooter,5.0,240.0,X/Twitter,0.3333333333333333,0.0,1.0,439.0,#ActiveShooter
#MondayVibes,5.0,240.0,X/Twitter,0.3333333333333333,0.0,1.0,440.0,#MondayVibes
Flipper,9.0,240.0,X/Twitter,0.6666666666666666,0.0,1.0,441.0,Flipper
Planned Parenthood,3.0,87586.0,X/Twitter,0.16666666666666666,0.026423117157026752,1.0,442.0,Planned Parenthood
Nevada,5.0,127059.0,X/Twitter,0.3333333333333333,0.0383641299514228,1.0,443.0,Nevada
Emil Jimenez,2.0,240.0,X/Twitter,0.08333333333333333,0.0,1.0,444.0,Emil Jimenez
Cincinnati,10.0,1335632.0,X/Twitter,0.75,0.4039706370819072,1.0,445.0,Cincinnati
Tom Lehrer,10.0,87259.0,X/Twitter,0.75,0.02632419609240619,1.0,446.0,Tom Lehrer
#LaCasaDeLosFamososMx,7.0,597548.0,X/Twitter,0.5,0.18069218124275108,1.0,447.0,#LaCasaDeLosFamososMx
Cade Smith,5.0,240.0,X/Twitter,0.3333333333333333,0.0,1.0,448.0,Cade Smith
American Eagle,7.0,62236.0,X/Twitter,0.5,0.01875446581717572,1.0,449.0,American Eagle
Bubba,7.0,202006.0,X/Twitter,0.5,0.061036414447194605,1.0,450.0,Bubba
Samsung,6.0,245616.0,X/Twitter,0.4166666666666667,0.07422891483894622,1.0,451.0,Samsung
#BaddiesAfrica,6.0,35418.0,X/Twitter,0.4166666666666667,0.010641728474685586,1.0,452.0,#BaddiesAfrica
Padres,2.0,78375.0,X/Twitter,0.08333333333333333,0.023636689248097056,1.0,453.0,Padres
Boyd,3.0,240.0,X/Twitter,0.16666666666666666,0.0,1.0,454.0,Boyd
Elias Diaz,2.0,240.0,X/Twitter,0.08333333333333333,0.0,1.0,455.0,Elias Diaz
Uribe,7.0,2548534.0,X/Twitter,0.5,0.7708867139027354,1.0,456.0,Uribe
deGrom,4.0,240.0,X/Twitter,0.25,0.0,1.0,457.0,deGrom
Rivers,4.0,72456.0,X/Twitter,0.25,0.02184612722519456,1.0,458.0,Rivers
$PERRE,2.0,240.0,X/Twitter,0.08333333333333333,0.0,1.0,459.0,$PERRE
RONNY,2.0,240.0,X/Twitter,0.08333333333333333,0.0,1.0,460.0,RONNY
Hanoi Jane,6.0,240.0,X/Twitter,0.4166666666666667,0.0,1.0,461.0,Hanoi Jane
Ivori,7.0,240.0,X/Twitter,0.5,0.0,1.0,462.0,Ivori
Christian Wilkins,4.0,240.0,X/Twitter,0.25,0.0,1.0,463.0,Christian Wilkins
Pouncey,4.0,240.0,X/Twitter,0.25,0.0,1.0,464.0,Pouncey
Gore,4.0,53041.0,X/Twitter,0.25,0.01597287808266171,1.0,465.0,Gore
Jana,6.0,365216.0,X/Twitter,0.4166666666666667,0.11040921859619211,1.0,466.0,Jana
Ryobi,4.0,240.0,X/Twitter,0.25,0.0,1.0,467.0,Ryobi
Ichiro,8.0,341622.0,X/Twitter,0.5833333333333334,0.10327177639846252,1.0,468.0,Ichiro
Mark Vientos,2.0,240.0,X/Twitter,0.08333333333333333,0.0,1.0,469.0,Mark Vientos
Officer Islam,4.0,55471.0,X/Twitter,0.25,0.01670797957204388,1.0,470.0,Officer Islam
Sutton,2.0,22474.0,X/Twitter,0.08333333333333333,0.0067260273723963645,1.0,471.0,Sutton
#MCRLA2,5.0,240.0,X/Twitter,0.3333333333333333,0.0,1.0,472.0,#MCRLA2
Anthony Bourdain,10.0,240.0,X/Twitter,0.75,0.0,1.0,473.0,Anthony Bourdain
#AvatarFireAndAsh,4.0,240.0,X/Twitter,0.25,0.0,1.0,474.0,#AvatarFireAndAsh
Edgewood,4.0,240.0,X/Twitter,0.25,0.0,1.0,475.0,Edgewood
#JohnClearMyList,3.0,240.0,X/Twitter,0.16666666666666666,0.0,1.0,476.0,#JohnClearMyList
Gumball,5.0,63160.0,X/Twitter,0.3333333333333333,0.019033985889681533,1.0,477.0,Gumball
Youth Athlete of the Year,3.0,240.0,X/Twitter,0.16666666666666666,0.0,1.0,478.0,Youth Athlete of the Year
Will Vest,2.0,240.0,X/Twitter,0.08333333333333333,0.0,1.0,479.0,Will Vest
Whitlock,3.0,240.0,X/Twitter,0.16666666666666666,0.0,1.0,480.0,Whitlock
"NYC, LA",4.0,240.0,X/Twitter,0.25,0.0,1.0,481.0,"NYC, LA"
Kratos,7.0,240.0,X/Twitter,0.5,0.0,1.0,482.0,Kratos
Bron Breakker,4.0,240.0,X/Twitter,0.25,0.0,1.0,483.0,Bron Breakker
Deion,6.0,22561.0,X/Twitter,0.4166666666666667,0.006752345820781652,1.0,484.0,Deion
SEVENTEEN,2.0,206959.0,X/Twitter,0.08333333333333333,0.06253475093975011,1.0,485.0,SEVENTEEN
Ronny,3.0,240.0,X/Twitter,0.16666666666666666,0.0,1.0,460.0,RONNY
$NDQ,2.0,240.0,X/Twitter,0.08333333333333333,0.0,1.0,486.0,$NDQ
#TheGildedAge,5.0,240.0,X/Twitter,0.3333333333333333,0.0,1.0,487.0,#TheGildedAge
#Brickyard400,5.0,38385.0,X/Twitter,0.3333333333333333,0.011539278317894185,1.0,488.0,#Brickyard400
#EcuadorSinGDORC5,3.0,240.0,X/Twitter,0.16666666666666666,0.0,1.0,489.0,#EcuadorSinGDORC5
Paul Heyman,2.0,240.0,X/Twitter,0.08333333333333333,0.0,1.0,490.0,Paul Heyman
gerard,4.0,94265.0,X/Twitter,0.25,0.028443587464674288,1.0,491.0,gerard
Las Vegas,2.0,78895.0,X/Twitter,0.08333333333333333,0.02379399491660682,1.0,492.0,Las Vegas
Ryne Sandberg,1.0,37066.0,X/Twitter,0.0,0.011140266439501147,1.0,493.0,Ryne Sandberg
Julian Brown,3.0,147641.0,X/Twitter,0.16666666666666666,0.04459040931539968,1.0,494.0,Julian Brown
Adrian,2.0,82386.0,X/Twitter,0.08333333333333333,0.024850060471929107,1.0,495.0,Adrian
Lauren,7.0,460892.0,X/Twitter,0.5,0.1393522515583849,1.0,496.0,Lauren
#Trigo,2.0,240.0,X/Twitter,0.08333333333333333,0.0,1.0,497.0,#Trigo
Bahati,7.0,240.0,X/Twitter,0.5,0.0,1.0,498.0,Bahati
Jey Uso,2.0,240.0,X/Twitter,0.08333333333333333,0.0,1.0,499.0,Jey Uso
Marian,5.0,240.0,X/Twitter,0.3333333333333333,0.0,1.0,500.0,Marian
Joc Pederson,2.0,240.0,X/Twitter,0.08333333333333333,0.0,1.0,501.0,Joc Pederson
Middle Eastern,2.0,61790.0,X/Twitter,0.08333333333333333,0.0186195459553385,1.0,502.0,Middle Eastern
Cordarrelle Patterson,3.0,240.0,X/Twitter,0.16666666666666666,0.0,1.0,503.0,Cordarrelle Patterson
Danny Jansen,2.0,240.0,X/Twitter,0.08333333333333333,0.0,1.0,504.0,Danny Jansen
Kenny,5.0,281430.0,X/Twitter,0.3333333333333333,0.08506304024665529,1.0,505.0,Kenny
#BachelorInParadise,2.0,240.0,X/Twitter,0.08333333333333333,0.0,1.0,506.0,#BachelorInParadise
Tyrell,2.0,240.0,X/Twitter,0.08333333333333333,0.0,1.0,507.0,Tyrell
#skyfox_solana,2.0,240.0,X/Twitter,0.08333333333333333,0.0,1.0,508.0,#skyfox_solana
#LCDLFMx3,3.0,139293.0,X/Twitter,0.16666666666666666,0.042065048314015994,1.0,509.0,#LCDLFMx3
Luis Ortiz,2.0,240.0,X/Twitter,0.08333333333333333,0.0,1.0,510.0,Luis Ortiz
"Wordle 1,500 X",3.0,240.0,X/Twitter,0.16666666666666666,0.0,1.0,511.0,"Wordle 1,500 X"
Swaggy V,2.0,240.0,X/Twitter,0.08333333333333333,0.0,1.0,512.0,Swaggy V
#DoubleUp,2.0,240.0,X/Twitter,0.08333333333333333,0.0,1.0,513.0,#DoubleUp
Sheamus,2.0,240.0,X/Twitter,0.08333333333333333,0.0,1.0,514.0,Sheamus
Sydney Sweeney,5.0,116468.0,X/Twitter,0.3333333333333333,0.03516023699914026,1.0,515.0,Sydney Sweeney
Wrigley,4.0,240.0,X/Twitter,0.25,0.0,1.0,516.0,Wrigley
Lyra,3.0,240.0,X/Twitter,0.16666666666666666,0.0,1.0,517.0,Lyra
$GAI,2.0,240.0,X/Twitter,0.08333333333333333,0.0,1.0,518.0,$GAI
Lane Johnson,2.0,240.0,X/Twitter,0.08333333333333333,0.0,1.0,519.0,Lane Johnson
ELIAS DIAZ,1.0,240.0,X/Twitter,0.0,0.0,1.0,455.0,Elias Diaz
Dallas,2.0,71107.0,X/Twitter,0.08333333333333333,0.021438040019772113,1.0,520.0,Dallas
#HemiNetwork,2.0,240.0,X/Twitter,0.08333333333333333,0.0,1.0,521.0,#HemiNetwork
Sprite,2.0,23725.0,X/Twitter,0.08333333333333333,0.007104468509522741,1.0,522.0,Sprite
Shamea,6.0,240.0,X/Twitter,0.4166666666666667,0.0,1.0,523.0,Shamea
Fitts,2.0,240.0,X/Twitter,0.08333333333333333,0.0,1.0,524.0,Fitts
The SUI,2.0,47744.0,X/Twitter,0.08333333333333333,0.01437047784016897,1.0,525.0,The SUI
Destiny's Child,4.0,212342.0,X/Twitter,0.25,0.06416316711972717,1.0,526.0,Destiny's Child
kcon,4.0,240.0,X/Twitter,0.25,0.0,1.0,527.0,kcon
Paddack,1.0,240.0,X/Twitter,0.0,0.0,1.0,528.0,Paddack
Joyner,2.0,240.0,X/Twitter,0.08333333333333333,0.0,1.0,529.0,Joyner
Scotland,2.0,351653.0,X/Twitter,0.08333333333333333,0.10630626324619608,1.0,530.0,Scotland
Nick Fortes,1.0,240.0,X/Twitter,0.0,0.0,1.0,531.0,Nick Fortes
Vientos,5.0,240.0,X/Twitter,0.3333333333333333,0.0,1.0,532.0,Vientos
Ralph,6.0,217786.0,X/Twitter,0.4166666666666667,0.065810036464664,1.0,533.0,Ralph
Tyler Freeman,3.0,240.0,X/Twitter,0.16666666666666666,0.0,1.0,534.0,Tyler Freeman
Dante Basco,1.0,240.0,X/Twitter,0.0,0.0,1.0,535.0,Dante Basco
Carlos Carrasco,2.0,240.0,X/Twitter,0.08333333333333333,0.0,1.0,536.0,Carlos Carrasco
Chris Paddack,1.0,240.0,X/Twitter,0.0,0.0,1.0,537.0,Chris Paddack
Sui Overflow,2.0,240.0,X/Twitter,0.08333333333333333,0.0,1.0,538.0,Sui Overflow
$URANUS,2.0,24520.0,X/Twitter,0.08333333333333333,0.007344964675802093,1.0,539.0,$URANUS
Ksoo,1.0,240.0,X/Twitter,0.0,0.0,1.0,540.0,Ksoo
Josh Allen,3.0,240.0,X/Twitter,0.16666666666666666,0.0,1.0,541.0,Josh Allen
SOL's NFT,2.0,240.0,X/Twitter,0.08333333333333333,0.0,1.0,542.0,SOL's NFT
Helena,3.0,81839.0,X/Twitter,0.16666666666666666,0.024684587009092873,1.0,543.0,Helena
OpTic,5.0,152719.0,X/Twitter,0.3333333333333333,0.04612655967057773,1.0,544.0,OpTic
AJ Brown,2.0,240.0,X/Twitter,0.08333333333333333,0.0,1.0,545.0,AJ Brown
Gaza,2.0,3040006.0,X/Twitter,0.08333333333333333,0.9195623514293337,1.0,546.0,Gaza
Optimus Prime,5.0,240.0,X/Twitter,0.3333333333333333,0.0,1.0,547.0,Optimus Prime
James Cameron,3.0,59372.0,X/Twitter,0.16666666666666666,0.017888074596768094,1.0,548.0,James Cameron
Runaway,6.0,240.0,X/Twitter,0.4166666666666667,0.0,1.0,549.0,Runaway
SMOSH SUMMER GAMES,2.0,240.0,X/Twitter,0.08333333333333333,0.0,1.0,550.0,SMOSH SUMMER GAMES
Angel Hernandez,3.0,240.0,X/Twitter,0.16666666666666666,0.0,1.0,551.0,Angel Hernandez
#FWMCMORNING,2.0,240.0,X/Twitter,0.08333333333333333,0.0,1.0,552.0,#FWMCMORNING
MARK VIENTOS,1.0,240.0,X/Twitter,0.0,0.0,1.0,469.0,Mark Vientos
Treylon Burks,2.0,240.0,X/Twitter,0.08333333333333333,0.0,1.0,553.0,Treylon Burks
Contreras,2.0,240.0,X/Twitter,0.08333333333333333,0.0,1.0,554.0,Contreras
345 Park Ave,1.0,240.0,X/Twitter,0.0,0.0,1.0,555.0,345 Park Ave
New Week,2.0,278089.0,X/Twitter,0.08333333333333333,0.08405235132648005,1.0,556.0,New Week
DeGrom,1.0,240.0,X/Twitter,0.0,0.0,1.0,457.0,deGrom
Zuko,1.0,240.0,X/Twitter,0.0,0.0,1.0,557.0,Zuko
Haase,1.0,240.0,X/Twitter,0.0,0.0,1.0,558.0,Haase
frank iero,2.0,240.0,X/Twitter,0.08333333333333333,0.0,1.0,559.0,frank iero
TSMC,4.0,240.0,X/Twitter,0.25,0.0,1.0,560.0,TSMC
Courtland Sutton,1.0,240.0,X/Twitter,0.0,0.0,1.0,561.0,Courtland Sutton
Possibly White,4.0,121857.0,X/Twitter,0.25,0.03679046824452319,1.0,562.0,Possibly White
Erin Burnett,4.0,240.0,X/Twitter,0.25,0.0,1.0,563.0,Erin Burnett
Dylan Moore,2.0,240.0,X/Twitter,0.08333333333333333,0.0,1.0,564.0,Dylan Moore
Matt Shaw,2.0,240.0,X/Twitter,0.08333333333333333,0.0,1.0,565.0,Matt Shaw
Jon Robinson,1.0,240.0,X/Twitter,0.0,0.0,1.0,566.0,Jon Robinson
doyoung,3.0,239385.0,X/Twitter,0.16666666666666666,0.07234396941493787,1.0,567.0,doyoung
Grayson Waller,1.0,240.0,X/Twitter,0.0,0.0,1.0,568.0,Grayson Waller
Derrick Perry,5.0,175939.0,X/Twitter,0.3333333333333333,0.05315086279134069,1.0,569.0,Derrick Perry
Jed Hoyer,2.0,240.0,X/Twitter,0.08333333333333333,0.0,1.0,570.0,Jed Hoyer
Alcala,1.0,240.0,X/Twitter,0.0,0.0,1.0,571.0,Alcala
Bolton,3.0,141609.0,X/Twitter,0.16666666666666666,0.04276566356068641,1.0,572.0,Bolton
Arike,3.0,240.0,X/Twitter,0.16666666666666666,0.0,1.0,573.0,Arike
Hamas,2.0,746839.0,X/Twitter,0.08333333333333333,0.22585433616100356,1.0,574.0,Hamas
Maxwell Award,2.0,240.0,X/Twitter,0.08333333333333333,0.0,1.0,575.0,Maxwell Award
Buy American,5.0,240.0,X/Twitter,0.3333333333333333,0.0,1.0,576.0,Buy American
seventeen,2.0,206771.0,X/Twitter,0.08333333333333333,0.062477878890365816,1.0,485.0,SEVENTEEN
Gostkowski,2.0,240.0,X/Twitter,0.08333333333333333,0.0,1.0,577.0,Gostkowski
Free Palestine,2.0,159943.0,X/Twitter,0.08333333333333333,0.048311898419259536,1.0,578.0,Free Palestine
Norse,6.0,240.0,X/Twitter,0.4166666666666667,0.0,1.0,579.0,Norse
Porsha,5.0,240.0,X/Twitter,0.3333333333333333,0.0,1.0,580.0,Porsha
Reese Olson,1.0,240.0,X/Twitter,0.0,0.0,1.0,581.0,Reese Olson
Fonseca,1.0,240.0,X/Twitter,0.0,0.0,1.0,582.0,Fonseca
345 Park Avenue,2.0,24165.0,X/Twitter,0.08333333333333333,0.00723757330595408,1.0,555.0,345 Park Ave
Fantastic Four,2.0,169169.0,X/Twitter,0.08333333333333333,0.05110286399170394,2.0,583.0,Fantastic Four
#GreenWall,3.0,240.0,X/Twitter,0.16666666666666666,0.0,1.0,584.0,#GreenWall
$TROLL,2.0,28314.0,X/Twitter,0.08333333333333333,0.008492691034121414,1.0,585.0,$TROLL
Men's Health,2.0,240.0,X/Twitter,0.08333333333333333,0.0,1.0,586.0,Men's Health
Titans,1.0,12888.0,X/Twitter,0.0,0.003826157875599047,1.0,587.0,Titans
Chase Burns,1.0,240.0,X/Twitter,0.0,0.0,1.0,588.0,Chase Burns
Kold Killa,5.0,240.0,X/Twitter,0.3333333333333333,0.0,1.0,589.0,Kold Killa
AJ Styles,1.0,240.0,X/Twitter,0.0,0.0,1.0,590.0,AJ Styles
Fitz,1.0,240.0,X/Twitter,0.0,0.0,1.0,591.0,Fitz
SUI Foundation,2.0,240.0,X/Twitter,0.08333333333333333,0.0,1.0,592.0,SUI Foundation
Kieran,2.0,240.0,X/Twitter,0.08333333333333333,0.0,1.0,593.0,Kieran
Kreidler,1.0,240.0,X/Twitter,0.0,0.0,1.0,594.0,Kreidler
Galactus,2.0,51745.0,X/Twitter,0.08333333333333333,0.015580823954991219,2.0,346.0, galactus
Bill Maher,2.0,11275.0,X/Twitter,0.08333333333333333,0.003338207792317796,1.0,595.0,Bill Maher
Framber,5.0,240.0,X/Twitter,0.3333333333333333,0.0,1.0,596.0,Framber
Guyton,1.0,240.0,X/Twitter,0.0,0.0,1.0,597.0,Guyton
#NYMvsSD,1.0,240.0,X/Twitter,0.0,0.0,1.0,598.0,#NYMvsSD
PayPal,2.0,184032.0,X/Twitter,0.08333333333333333,0.05559908351297439,1.0,599.0,PayPal
Gladys,4.0,240.0,X/Twitter,0.25,0.0,1.0,600.0,Gladys
James Cagney,3.0,240.0,X/Twitter,0.16666666666666666,0.0,1.0,601.0,James Cagney
Justin Simmons,2.0,240.0,X/Twitter,0.08333333333333333,0.0,1.0,602.0,Justin Simmons
Bregman,1.0,240.0,X/Twitter,0.0,0.0,1.0,603.0,Bregman
Bosom Buddies,1.0,240.0,X/Twitter,0.0,0.0,1.0,604.0,Bosom Buddies
Beyonc√©,3.0,462222.0,X/Twitter,0.16666666666666666,0.13975459105668872,1.0,605.0,Beyonc√©
Mauricio,3.0,36546.0,X/Twitter,0.16666666666666666,0.010982960770991384,1.0,606.0,Mauricio
Troy Melton,1.0,240.0,X/Twitter,0.0,0.0,1.0,607.0,Troy Melton
Myles Garrett,2.0,240.0,X/Twitter,0.08333333333333333,0.0,1.0,608.0,Myles Garrett
Colored,3.0,38416.0,X/Twitter,0.16666666666666666,0.011548656155824575,1.0,609.0,Colored
Nico Harrison,2.0,240.0,X/Twitter,0.08333333333333333,0.0,1.0,610.0,Nico Harrison
#Padres,1.0,240.0,X/Twitter,0.0,0.0,1.0,611.0,#Padres
happy gilmore 2,1.0,17890.0,X/Twitter,0.0,0.005339317402302592,2.0,612.0,happy gilmore 2
Steven Yeun,1.0,240.0,X/Twitter,0.0,0.0,1.0,613.0,Steven Yeun
CM Punk,1.0,240.0,X/Twitter,0.0,0.0,1.0,614.0,CM Punk
Khan,3.0,581556.0,X/Twitter,0.16666666666666666,0.17585442691427386,1.0,615.0,Khan
Tencent,2.0,240.0,X/Twitter,0.08333333333333333,0.0,1.0,616.0,Tencent
Polymer Labs,3.0,240.0,X/Twitter,0.16666666666666666,0.0,1.0,617.0,Polymer Labs
#mondaythoughts,1.0,240.0,X/Twitter,0.0,0.0,1.0,618.0,#mondaythoughts
Facundo,2.0,26263.0,X/Twitter,0.08333333333333333,0.007872241176210784,1.0,619.0,Facundo
SOL's DeFi,2.0,240.0,X/Twitter,0.08333333333333333,0.0,1.0,620.0,SOL's DeFi
Censorship,2.0,217085.0,X/Twitter,0.08333333333333333,0.0655979763230768,1.0,621.0,Censorship
Franklin,3.0,81133.0,X/Twitter,0.16666666666666666,0.02447101431300077,1.0,622.0,Franklin
Senga,4.0,240.0,X/Twitter,0.25,0.0,1.0,623.0,Senga
Andrew Vaughn,1.0,240.0,X/Twitter,0.0,0.0,1.0,624.0,Andrew Vaughn
LiDAR,2.0,240.0,X/Twitter,0.08333333333333333,0.0,1.0,625.0,LiDAR
Edwin Diaz,2.0,240.0,X/Twitter,0.08333333333333333,0.0,1.0,626.0,Edwin Diaz
Prell,2.0,240.0,X/Twitter,0.08333333333333333,0.0,1.0,627.0,Prell
Happy Gilmore 2,1.0,17866.0,X/Twitter,0.0,0.005332057140679064,2.0,612.0,happy gilmore 2
Sesko,2.0,78412.0,X/Twitter,0.08333333333333333,0.023647882151433326,1.0,628.0,Sesko
#MondayMood,1.0,240.0,X/Twitter,0.0,0.0,1.0,629.0,#MondayMood
Summer of Sal,1.0,240.0,X/Twitter,0.0,0.0,1.0,630.0,Summer of Sal
Slavery,3.0,150011.0,X/Twitter,0.16666666666666666,0.04530736015072303,1.0,631.0,Slavery
Chloe Kelly,4.0,196953.0,X/Twitter,0.25,0.059507826864541064,1.0,632.0,Chloe Kelly
Tyler Smith,1.0,240.0,X/Twitter,0.0,0.0,1.0,633.0,Tyler Smith
$AMD,2.0,240.0,X/Twitter,0.08333333333333333,0.0,1.0,634.0,$AMD
#28Jul,1.0,240.0,X/Twitter,0.0,0.0,1.0,635.0,#28Jul
Davis Martin,1.0,240.0,X/Twitter,0.0,0.0,1.0,636.0,Davis Martin
Larson,4.0,240.0,X/Twitter,0.25,0.0,1.0,637.0,Larson
$IOTA,1.0,240.0,X/Twitter,0.0,0.0,1.0,638.0,$IOTA
Georiga,1.0,240.0,X/Twitter,0.0,0.0,1.0,639.0,Georiga
Adam Sandler,2.0,32959.0,X/Twitter,0.08333333333333333,0.009897854169174986,2.0,640.0,Adam Sandler
NFL HQ,2.0,240.0,X/Twitter,0.08333333333333333,0.0,1.0,641.0,NFL HQ
#RHOA,2.0,10333.0,X/Twitter,0.08333333333333333,0.003053242523594338,1.0,642.0,#RHOA
Matt Chapman,3.0,240.0,X/Twitter,0.16666666666666666,0.0,1.0,643.0,Matt Chapman
Game Over,3.0,82381.0,X/Twitter,0.16666666666666666,0.024848547917424205,1.0,644.0,Game Over
NATALIE PORTMAN,1.0,240.0,X/Twitter,0.0,0.0,1.0,645.0,NATALIE PORTMAN
$VINE,2.0,32425.0,X/Twitter,0.08333333333333333,0.009736313348051497,1.0,646.0,$VINE
FaZe Banks,1.0,240.0,X/Twitter,0.0,0.0,1.0,647.0,FaZe Banks
Lynn Polk,1.0,240.0,X/Twitter,0.0,0.0,1.0,648.0,Lynn Polk
Brooks Lee,2.0,240.0,X/Twitter,0.08333333333333333,0.0,1.0,649.0,Brooks Lee
Europe,2.0,710245.0,X/Twitter,0.08333333333333333,0.21478425225052986,1.0,650.0,Europe
Skylar Diggins,1.0,240.0,X/Twitter,0.0,0.0,1.0,651.0,Skylar Diggins
FRANK IERO,1.0,240.0,X/Twitter,0.0,0.0,1.0,559.0,frank iero
Shanice,1.0,240.0,X/Twitter,0.0,0.0,1.0,652.0,Shanice
Bob Hope,3.0,240.0,X/Twitter,0.16666666666666666,0.0,1.0,653.0,Bob Hope
European Union,3.0,209352.0,X/Twitter,0.16666666666666666,0.06325865952579601,1.0,654.0,European Union
#LCDLFMX3,2.0,78317.0,X/Twitter,0.08333333333333333,0.023619143615840197,1.0,509.0,#LCDLFMx3
Fantastic 4,2.0,49569.0,X/Twitter,0.08333333333333333,0.014922560234458048,2.0,655.0,Fantastic 4
Luka Doncic,1.0,240.0,X/Twitter,0.0,0.0,1.0,656.0,Luka Doncic
Kabuki Warriors,1.0,240.0,X/Twitter,0.0,0.0,1.0,657.0,Kabuki Warriors
Traverse City,3.0,158584.0,X/Twitter,0.16666666666666666,0.047900786104827286,1.0,658.0,Traverse City
Miss Piggy,4.0,240.0,X/Twitter,0.25,0.0,1.0,659.0,Miss Piggy
Strzok,1.0,12026.0,X/Twitter,0.0,0.003565393478954014,1.0,660.0,Strzok
Fitzgerald,1.0,240.0,X/Twitter,0.0,0.0,1.0,661.0,Fitzgerald
George Carlin,2.0,240.0,X/Twitter,0.08333333333333333,0.0,1.0,662.0,George Carlin
Eyes of Wakanda,2.0,240.0,X/Twitter,0.08333333333333333,0.0,1.0,663.0,Eyes of Wakanda
Misiorowski,1.0,240.0,X/Twitter,0.0,0.0,1.0,664.0,Misiorowski
Batgirl,1.0,240.0,X/Twitter,0.0,0.0,1.0,665.0,Batgirl
Christian Gonzalez,1.0,240.0,X/Twitter,0.0,0.0,1.0,666.0,Christian Gonzalez
Bob Melvin,4.0,240.0,X/Twitter,0.25,0.0,1.0,667.0,Bob Melvin
polymer labs,1.0,240.0,X/Twitter,0.0,0.0,1.0,617.0,Polymer Labs
Faze,1.0,10871.0,X/Twitter,0.0,0.0032159933883217483,1.0,668.0,Faze
Kairi,1.0,240.0,X/Twitter,0.0,0.0,1.0,669.0,Kairi
Get Smart,1.0,14781.0,X/Twitter,0.0,0.004398811011154787,1.0,670.0,Get Smart
Robert Suarez,1.0,240.0,X/Twitter,0.0,0.0,1.0,671.0,Robert Suarez
$MLG,1.0,240.0,X/Twitter,0.0,0.0,1.0,672.0,$MLG
GiveRep,2.0,430436.0,X/Twitter,0.08333333333333333,0.13013897955812836,1.0,673.0,GiveRep
Salary,1.0,71311.0,X/Twitter,0.0,0.021499752243572097,1.0,674.0,Salary
Cambodia,1.0,310245.0,X/Twitter,0.0,0.09377989185840312,2.0,675.0,Cambodia
Stewart Friesen,1.0,240.0,X/Twitter,0.0,0.0,1.0,676.0,Stewart Friesen
Snarf,1.0,240.0,X/Twitter,0.0,0.0,1.0,677.0,Snarf
Bryce Johnson,3.0,240.0,X/Twitter,0.16666666666666666,0.0,1.0,678.0,Bryce Johnson
#BelowDeck,1.0,240.0,X/Twitter,0.0,0.0,1.0,679.0,#BelowDeck
$pomapo,2.0,240.0,X/Twitter,0.08333333333333333,0.0,1.0,680.0,$pomapo
Ronny Mauricio,2.0,240.0,X/Twitter,0.08333333333333333,0.0,1.0,681.0,Ronny Mauricio
Ortiz,1.0,39834.0,X/Twitter,0.0,0.011977616613414665,1.0,682.0,Ortiz
Hobbs,1.0,240.0,X/Twitter,0.0,0.0,1.0,683.0,Hobbs
SB19 HEATS UP TEMECULA,3.0,70844.0,X/Twitter,0.16666666666666666,0.02135847965281429,1.0,684.0,SB19 HEATS UP TEMECULA
Arthur Smith,1.0,240.0,X/Twitter,0.0,0.0,1.0,685.0,Arthur Smith
Adames,3.0,240.0,X/Twitter,0.16666666666666666,0.0,1.0,686.0,Adames
Ursula,1.0,143979.0,X/Twitter,0.0,0.04348261439600976,1.0,687.0,Ursula
David Hamilton,1.0,240.0,X/Twitter,0.0,0.0,1.0,688.0,David Hamilton
Baca,1.0,34576.0,X/Twitter,0.0,0.010387014296060159,1.0,689.0,Baca
Amy Schumer,1.0,240.0,X/Twitter,0.0,0.0,1.0,690.0,Amy Schumer
Ja'Lynn Polk,1.0,240.0,X/Twitter,0.0,0.0,1.0,691.0,Ja'Lynn Polk
Surtain,1.0,240.0,X/Twitter,0.0,0.0,1.0,692.0,Surtain
Chunky,4.0,240.0,X/Twitter,0.25,0.0,1.0,693.0,Chunky
Longlegs,1.0,240.0,X/Twitter,0.0,0.0,1.0,694.0,Longlegs
Join Giverep,2.0,240.0,X/Twitter,0.08333333333333333,0.0,1.0,695.0,Join Giverep
Elgton Jenkins,1.0,240.0,X/Twitter,0.0,0.0,1.0,696.0,Elgton Jenkins
Eli Apple,3.0,240.0,X/Twitter,0.16666666666666666,0.0,1.0,697.0,Eli Apple
Goldschmidt,1.0,240.0,X/Twitter,0.0,0.0,1.0,698.0,Goldschmidt
Ramos,2.0,24902.0,X/Twitter,0.08333333333333333,0.007460523839976574,1.0,699.0,Ramos
Campero,1.0,240.0,X/Twitter,0.0,0.0,1.0,700.0,Campero
Skinny Luka,1.0,240.0,X/Twitter,0.0,0.0,1.0,701.0,Skinny Luka
Isaac Collins,1.0,240.0,X/Twitter,0.0,0.0,1.0,702.0,Isaac Collins
VPNs,1.0,240.0,X/Twitter,0.0,0.0,1.0,703.0,VPNs
Harry Caray,2.0,240.0,X/Twitter,0.08333333333333333,0.0,1.0,704.0,Harry Caray
$BMNR,1.0,240.0,X/Twitter,0.0,0.0,1.0,705.0,$BMNR
Fokina,2.0,240.0,X/Twitter,0.08333333333333333,0.0,1.0,706.0,Fokina
Lugo,3.0,240.0,X/Twitter,0.16666666666666666,0.0,1.0,707.0,Lugo
Drew,1.0,82195.0,X/Twitter,0.0,0.024792280889841867,1.0,708.0,Drew
#SFGiants,1.0,240.0,X/Twitter,0.0,0.0,1.0,709.0,#SFGiants
US-EU,1.0,10748.0,X/Twitter,0.0,0.003178784547501169,1.0,710.0,US-EU
De Minaur,2.0,240.0,X/Twitter,0.08333333333333333,0.0,1.0,711.0,De Minaur
Mark Grace,1.0,240.0,X/Twitter,0.0,0.0,1.0,712.0,Mark Grace
Dobnak,1.0,240.0,X/Twitter,0.0,0.0,1.0,713.0,Dobnak
Toaster,4.0,240.0,X/Twitter,0.25,0.0,1.0,714.0,Toaster
#90DayFianceHappilyEverAfter,1.0,240.0,X/Twitter,0.0,0.0,1.0,715.0,#90DayFianceHappilyEverAfter
Spaceballs,1.0,240.0,X/Twitter,0.0,0.0,1.0,716.0,Spaceballs
Horizon,1.0,24351.0,X/Twitter,0.0,0.007293840333536419,1.0,717.0,Horizon
BePresent,1.0,240.0,X/Twitter,0.0,0.0,1.0,718.0,BePresent
Seth Lugo,2.0,240.0,X/Twitter,0.08333333333333333,0.0,1.0,719.0,Seth Lugo
#jimromeonx,1.0,240.0,X/Twitter,0.0,0.0,1.0,720.0,#jimromeonx
Bradford James Gille,3.0,240.0,X/Twitter,0.16666666666666666,0.0,1.0,721.0,Bradford James Gille
#EWC2025,2.0,240.0,X/Twitter,0.08333333333333333,0.0,1.0,722.0,#EWC2025
Saquon Barkley,1.0,240.0,X/Twitter,0.0,0.0,1.0,723.0,Saquon Barkley
2nd Amendment,1.0,240.0,X/Twitter,0.0,0.0,1.0,724.0,2nd Amendment
#Degen,2.0,240.0,X/Twitter,0.08333333333333333,0.0,1.0,725.0,#Degen
33rd Floor,1.0,12870.0,X/Twitter,0.0,0.0038207126793814014,1.0,726.0,33rd Floor
Goten,1.0,240.0,X/Twitter,0.0,0.0,1.0,727.0,Goten
Thanks Dan,3.0,240.0,X/Twitter,0.16666666666666666,0.0,1.0,728.0,Thanks Dan
Aldo,3.0,37856.0,X/Twitter,0.16666666666666666,0.011379250051275597,1.0,729.0,Aldo
Room 2,1.0,23308.0,X/Twitter,0.0,0.006978321463813948,1.0,730.0,Room 2
Joey Swoll,1.0,240.0,X/Twitter,0.0,0.0,1.0,731.0,Joey Swoll
Juan Soto,1.0,240.0,X/Twitter,0.0,0.0,1.0,732.0,Juan Soto
Palworld,1.0,240.0,X/Twitter,0.0,0.0,1.0,733.0,Palworld
99 Club,1.0,240.0,X/Twitter,0.0,0.0,1.0,734.0,99 Club
Shipley,1.0,240.0,X/Twitter,0.0,0.0,1.0,735.0,Shipley
Warner Bros,2.0,240.0,X/Twitter,0.08333333333333333,0.0,1.0,736.0,Warner Bros
Mount,2.0,59463.0,X/Twitter,0.08333333333333333,0.017915603088757302,1.0,737.0,Mount
The Giverep,3.0,162824.0,X/Twitter,0.16666666666666666,0.04918343232498383,1.0,673.0,GiveRep
Diaz,2.0,291974.0,X/Twitter,0.08333333333333333,0.08825271518659175,1.0,738.0,Diaz
#NASCAR,1.0,240.0,X/Twitter,0.0,0.0,1.0,739.0,#NASCAR
Michael Cole,1.0,240.0,X/Twitter,0.0,0.0,1.0,740.0,Michael Cole
#GalxeID,1.0,10808.0,X/Twitter,0.0,0.003196935201559988,1.0,741.0,#GalxeID
Lady Sarah,2.0,240.0,X/Twitter,0.08333333333333333,0.0,1.0,742.0,Lady Sarah
#sundayvibes,2.0,10904.0,X/Twitter,0.08333333333333333,0.0032259762480540987,1.0,743.0,#sundayvibes
Kyle Tucker,1.0,240.0,X/Twitter,0.0,0.0,1.0,744.0,Kyle Tucker
Otto Kemp,2.0,240.0,X/Twitter,0.08333333333333333,0.0,1.0,745.0,Otto Kemp
Punk,1.0,39553.0,X/Twitter,0.0,0.011892611050239196,1.0,746.0,Punk
#Solana,1.0,48176.0,X/Twitter,0.0,0.014501162549392467,1.0,747.0,#Solana
#brickbybrick,1.0,240.0,X/Twitter,0.0,0.0,1.0,748.0,#brickbybrick
Wheeler,2.0,240.0,X/Twitter,0.08333333333333333,0.0,1.0,749.0,Wheeler
Kelsey Mitchell,1.0,240.0,X/Twitter,0.0,0.0,1.0,750.0,Kelsey Mitchell
Warped Tour,2.0,240.0,X/Twitter,0.08333333333333333,0.0,1.0,751.0,Warped Tour
Asim Richards,1.0,240.0,X/Twitter,0.0,0.0,1.0,752.0,Asim Richards
Shildt,2.0,240.0,X/Twitter,0.08333333333333333,0.0,1.0,753.0,Shildt
Reno,3.0,59227.0,X/Twitter,0.16666666666666666,0.01784421051612595,1.0,754.0,Reno
Gregory Soto,1.0,240.0,X/Twitter,0.0,0.0,1.0,755.0,Gregory Soto
Indy,1.0,12560.0,X/Twitter,0.0,0.003726934300077503,1.0,756.0,Indy
Kind of Blue,1.0,240.0,X/Twitter,0.0,0.0,1.0,757.0,Kind of Blue
Randy Rodriguez,1.0,240.0,X/Twitter,0.0,0.0,1.0,758.0,Randy Rodriguez
England,2.0,504296.0,X/Twitter,0.08333333333333333,0.15248243470453457,1.0,759.0,England
Olsen,1.0,240.0,X/Twitter,0.0,0.0,1.0,760.0,Olsen
Logan Gilbert,1.0,240.0,X/Twitter,0.0,0.0,1.0,761.0,Logan Gilbert
Al Sharpton,1.0,240.0,X/Twitter,0.0,0.0,1.0,762.0,Al Sharpton
Ty Gibbs,1.0,240.0,X/Twitter,0.0,0.0,1.0,763.0,Ty Gibbs
Cubbies,2.0,240.0,X/Twitter,0.08333333333333333,0.0,1.0,764.0,Cubbies
Coppertone,2.0,240.0,X/Twitter,0.08333333333333333,0.0,1.0,765.0,Coppertone
Love No Limit,1.0,240.0,X/Twitter,0.0,0.0,1.0,766.0,Love No Limit
Fork,4.0,42025.0,X/Twitter,0.25,0.012640417997462539,1.0,767.0,Fork
Kurt Kitayama,1.0,240.0,X/Twitter,0.0,0.0,1.0,768.0,Kurt Kitayama
Dominik,1.0,240.0,X/Twitter,0.0,0.0,1.0,769.0,Dominik
Skoob,1.0,240.0,X/Twitter,0.0,0.0,1.0,770.0,Skoob
Watertown,1.0,240.0,X/Twitter,0.0,0.0,1.0,771.0,Watertown
#WEURO2025,1.0,28757.0,X/Twitter,0.0,0.008626703363255694,1.0,772.0,#WEURO2025
Mayor of London,1.0,40826.0,X/Twitter,0.0,0.012277707427187139,1.0,773.0,Mayor of London
Bell,1.0,51820.0,X/Twitter,0.0,0.015603512272564742,1.0,774.0,Bell
Morejon,1.0,240.0,X/Twitter,0.0,0.0,1.0,775.0,Morejon
Happy New Week,1.0,26978.0,X/Twitter,0.0,0.008088536470411712,1.0,556.0,New Week
Ben Brown,1.0,240.0,X/Twitter,0.0,0.0,1.0,776.0,Ben Brown
Terry McLaurin,1.0,240.0,X/Twitter,0.0,0.0,1.0,777.0,Terry McLaurin
Erick Fedde,1.0,240.0,X/Twitter,0.0,0.0,1.0,778.0,Erick Fedde
Nikki,1.0,22326.0,X/Twitter,0.0,0.006681255759051277,1.0,779.0,Nikki
Dale Evans,2.0,240.0,X/Twitter,0.08333333333333333,0.0,1.0,780.0,Dale Evans
FOMC,1.0,11716.0,X/Twitter,0.0,0.003471615099650116,1.0,781.0,FOMC
The Miz,1.0,240.0,X/Twitter,0.0,0.0,1.0,782.0,The Miz
Shotzzy,1.0,240.0,X/Twitter,0.0,0.0,1.0,783.0,Shotzzy
Hemi Network,1.0,240.0,X/Twitter,0.0,0.0,1.0,784.0,Hemi Network
Byron,1.0,240.0,X/Twitter,0.0,0.0,1.0,785.0,Byron
Leyen,3.0,340670.0,X/Twitter,0.16666666666666666,0.10298378602072926,1.0,786.0,Leyen
#iawx,1.0,240.0,X/Twitter,0.0,0.0,1.0,787.0,#iawx
Enrique Jimenez,1.0,240.0,X/Twitter,0.0,0.0,1.0,788.0,Enrique Jimenez
Kelli,1.0,240.0,X/Twitter,0.0,0.0,1.0,789.0,Kelli
Micah,1.0,240.0,X/Twitter,0.0,0.0,1.0,790.0,Micah
Cookie Monster,1.0,240.0,X/Twitter,0.0,0.0,1.0,791.0,Cookie Monster
Doval,1.0,240.0,X/Twitter,0.0,0.0,1.0,792.0,Doval
Kyle Hendricks,1.0,240.0,X/Twitter,0.0,0.0,1.0,793.0,Kyle Hendricks
NASCAR,1.0,41674.0,X/Twitter,0.0,0.012534236671218448,2.0,794.0,NASCAR
Sunday Funday,1.0,240.0,X/Twitter,0.0,0.0,1.0,795.0,Sunday Funday
Sadiq Khan,1.0,71616.0,X/Twitter,0.0,0.021592018068371095,1.0,796.0,Sadiq Khan
Bivens,1.0,240.0,X/Twitter,0.0,0.0,1.0,797.0,Bivens
Slater,1.0,240.0,X/Twitter,0.0,0.0,1.0,798.0,Slater
Gray,1.0,31394.0,X/Twitter,0.0,0.00942442460914079,1.0,799.0,Gray
Rusev,1.0,240.0,X/Twitter,0.0,0.0,1.0,800.0,Rusev
Strider,1.0,240.0,X/Twitter,0.0,0.0,1.0,801.0,Strider
Def Rebel,1.0,240.0,X/Twitter,0.0,0.0,1.0,802.0,Def Rebel
Gonzo,1.0,240.0,X/Twitter,0.0,0.0,1.0,803.0,Gonzo
Jay Leno,2.0,12926.0,X/Twitter,0.08333333333333333,0.0038376532898362994,1.0,804.0,Jay Leno
Adnan,1.0,240.0,X/Twitter,0.0,0.0,1.0,805.0,Adnan
Grey,1.0,38272.0,X/Twitter,0.0,0.01150509458608341,1.0,806.0,Grey
Hall of Fame,1.0,18619.0,X/Twitter,0.0,0.005559847849117243,1.0,807.0,Hall of Fame
McDowell,1.0,240.0,X/Twitter,0.0,0.0,1.0,808.0,McDowell
Lando,2.0,86456.0,X/Twitter,0.08333333333333333,0.026081279838918996,1.0,809.0,Lando
Under 32,1.0,240.0,X/Twitter,0.0,0.0,1.0,810.0,Under 32
Dolph,2.0,240.0,X/Twitter,0.08333333333333333,0.0,1.0,811.0,Dolph
Baruta,2.0,240.0,X/Twitter,0.08333333333333333,0.0,1.0,812.0,Baruta
Katherine Legge,1.0,240.0,X/Twitter,0.0,0.0,1.0,813.0,Katherine Legge
Cleveland Guardians,1.0,240.0,X/Twitter,0.0,0.0,1.0,814.0,Cleveland Guardians
Lynx,1.0,11344.0,X/Twitter,0.0,0.003359081044485438,1.0,815.0,Lynx
23XI,1.0,240.0,X/Twitter,0.0,0.0,1.0,816.0,23XI
REVERSE SWEEP,1.0,240.0,X/Twitter,0.0,0.0,1.0,817.0,REVERSE SWEEP
Max Dowman,1.0,20071.0,X/Twitter,0.0,0.005999093677340663,1.0,818.0,Max Dowman
Nimmo,2.0,240.0,X/Twitter,0.08333333333333333,0.0,1.0,819.0,Nimmo
#wildcardgame,1.0,240.0,X/Twitter,0.0,0.0,1.0,820.0,#wildcardgame
#BelgianGP,1.0,103386.0,X/Twitter,0.0,0.031202789392515758,1.0,821.0,#BelgianGP
Good Sunday,1.0,56911.0,X/Twitter,0.0,0.017143595269455535,1.0,822.0,Good Sunday
Mercules,1.0,240.0,X/Twitter,0.0,0.0,1.0,823.0,Mercules
Hemper,1.0,240.0,X/Twitter,0.0,0.0,1.0,824.0,Hemper
Dustin May,1.0,240.0,X/Twitter,0.0,0.0,1.0,825.0,Dustin May
Jake Ferguson,1.0,240.0,X/Twitter,0.0,0.0,1.0,826.0,Jake Ferguson
Blessed Sunday,1.0,18127.0,X/Twitter,0.0,0.005411012485834927,1.0,827.0,Blessed Sunday
Chapman,1.0,240.0,X/Twitter,0.0,0.0,1.0,828.0,Chapman
#SundayFunday,1.0,240.0,X/Twitter,0.0,0.0,1.0,829.0,#SundayFunday
The 33rd,1.0,11801.0,X/Twitter,0.0,0.0034973285262334427,1.0,830.0,The 33rd
DoubleUp,1.0,16771.0,X/Twitter,0.0,0.005000807704105617,1.0,831.0,DoubleUp
Sui Chain,1.0,240.0,X/Twitter,0.0,0.0,1.0,832.0,Sui Chain
Merino,1.0,11862.0,X/Twitter,0.0,0.0035157816911932423,1.0,833.0,Merino
Mona Lisa,1.0,11908.0,X/Twitter,0.0,0.0035296971926383367,1.0,834.0,Mona Lisa
Conforto,1.0,240.0,X/Twitter,0.0,0.0,1.0,835.0,Conforto
Heretics,1.0,240.0,X/Twitter,0.0,0.0,1.0,836.0,Heretics
#EleccionesMunicipales2025,1.0,240.0,X/Twitter,0.0,0.0,1.0,837.0,#EleccionesMunicipales2025
Roony,1.0,27640.0,X/Twitter,0.0,0.008288798686860681,1.0,838.0,Roony
Jadeja,1.0,98446.0,X/Twitter,0.0,0.029708385541672995,1.0,839.0,Jadeja
Korean War,1.0,240.0,X/Twitter,0.0,0.0,1.0,840.0,Korean War
david dobrik,1.0,240.0,X/Twitter,0.0,0.0,1.0,841.0,david dobrik
Austin Hill,1.0,240.0,X/Twitter,0.0,0.0,1.0,842.0,Austin Hill
Bertha,2.0,240.0,X/Twitter,0.08333333333333333,0.0,1.0,843.0,Bertha
Jewell,1.0,240.0,X/Twitter,0.0,0.0,1.0,844.0,Jewell
Chastain,1.0,240.0,X/Twitter,0.0,0.0,1.0,845.0,Chastain
God is God,1.0,248037.0,X/Twitter,0.0,0.07496129373021956,1.0,846.0,God is God
Odegaard,1.0,240.0,X/Twitter,0.0,0.0,1.0,847.0,Odegaard
Tariffs,1.0,210247.0,X/Twitter,0.0,0.06352940678217339,1.0,848.0,Tariffs
Tina Charles,1.0,240.0,X/Twitter,0.0,0.0,1.0,849.0,Tina Charles
Joan Garcia,1.0,14259.0,X/Twitter,0.0,0.004240900320843062,1.0,850.0,Joan Garcia
Meatloaf,1.0,240.0,X/Twitter,0.0,0.0,1.0,851.0,Meatloaf
Crown Jewel,1.0,240.0,X/Twitter,0.0,0.0,1.0,852.0,Crown Jewel
Jean,1.0,52712.0,X/Twitter,0.0,0.015873351996239186,1.0,853.0,Jean
Turnberry,1.0,13882.0,X/Twitter,0.0,0.004126853711173482,1.0,854.0,Turnberry
Billy Donovan,1.0,240.0,X/Twitter,0.0,0.0,1.0,855.0,Billy Donovan
Act III,1.0,240.0,X/Twitter,0.0,0.0,1.0,856.0,Act III
Lauren James,1.0,240.0,X/Twitter,0.0,0.0,1.0,857.0,Lauren James
Havertz,1.0,13948.0,X/Twitter,0.0,0.0041468194306381835,1.0,858.0,Havertz
Michigan Walmart,1.0,53934.0,X/Twitter,0.0,0.016243020317237133,1.0,859.0,Michigan Walmart
Warming Bernabel,1.0,240.0,X/Twitter,0.0,0.0,1.0,860.0,Warming Bernabel
Cowboy Carter,1.0,54414.0,X/Twitter,0.0,0.016388225549707685,1.0,861.0,Cowboy Carter
Jiren,1.0,240.0,X/Twitter,0.0,0.0,1.0,862.0,Jiren
Bugs Bunny,1.0,240.0,X/Twitter,0.0,0.0,1.0,863.0,Bugs Bunny
Best Virginia,1.0,240.0,X/Twitter,0.0,0.0,1.0,864.0,Best Virginia
Silly Putty,1.0,240.0,X/Twitter,0.0,0.0,1.0,865.0,Silly Putty
1M Rep Points,1.0,240.0,X/Twitter,0.0,0.0,1.0,866.0,1M Rep Points
Horry,1.0,240.0,X/Twitter,0.0,0.0,1.0,867.0,Horry
Shaboozey,1.0,240.0,X/Twitter,0.0,0.0,1.0,868.0,Shaboozey
Azealia Banks,1.0,240.0,X/Twitter,0.0,0.0,1.0,869.0,Azealia Banks
Russo,1.0,17902.0,X/Twitter,0.0,0.005342947533114355,1.0,870.0,Russo
Oprah,1.0,33783.0,X/Twitter,0.0,0.010147123151582768,1.0,871.0,Oprah
Reddick,1.0,240.0,X/Twitter,0.0,0.0,1.0,872.0,Reddick
Animals,1.0,74610.0,X/Twitter,0.0,0.02249773570590616,1.0,873.0,Animals
Donnarumma,1.0,22729.0,X/Twitter,0.0,0.006803167652146345,1.0,874.0,Donnarumma
Crowd,1.0,154961.0,X/Twitter,0.0,0.0468047891105756,1.0,875.0,Crowd
Heat Advisory,1.0,240.0,X/Twitter,0.0,0.0,1.0,876.0,Heat Advisory
Thune,1.0,46885.0,X/Twitter,0.0,0.014110620976226878,1.0,877.0,Thune
Atlanta Dream,1.0,240.0,X/Twitter,0.0,0.0,1.0,878.0,Atlanta Dream
Logano,1.0,240.0,X/Twitter,0.0,0.0,1.0,879.0,Logano
Lucy Bronze,1.0,240.0,X/Twitter,0.0,0.0,1.0,880.0,Lucy Bronze
Caissie,1.0,240.0,X/Twitter,0.0,0.0,1.0,881.0,Caissie
Carlos Rodon,1.0,240.0,X/Twitter,0.0,0.0,1.0,882.0,Carlos Rodon
Giselle,1.0,17211.0,X/Twitter,0.0,0.0051339125005369565,1.0,883.0,Giselle
Lord Jesus,1.0,18502.0,X/Twitter,0.0,0.005524454073702546,1.0,884.0,Lord Jesus
Oscar,1.0,117195.0,X/Twitter,0.0,0.035380162424152956,1.0,885.0,Oscar
Where's the Beef,1.0,240.0,X/Twitter,0.0,0.0,1.0,886.0,Where's the Beef
Elder,1.0,15463.0,X/Twitter,0.0,0.004605123445623363,1.0,887.0,Elder
Lucho,1.0,30395.0,X/Twitter,0.0,0.009122216219061454,1.0,888.0,Lucho
The British,1.0,186481.0,X/Twitter,0.0,0.05633993270947519,1.0,889.0,The British
Pretty P,1.0,240.0,X/Twitter,0.0,0.0,1.0,890.0,Pretty P
Dan Bongino,1.0,108310.0,X/Twitter,0.0,0.03269235306894284,1.0,891.0,Dan Bongino
Alvy,1.0,240.0,X/Twitter,0.0,0.0,1.0,892.0,Alvy
STEM,1.0,21540.0,X/Twitter,0.0,0.006443482190880748,1.0,893.0,STEM
Buehler,1.0,240.0,X/Twitter,0.0,0.0,1.0,894.0,Buehler
Carnival,1.0,12944.0,X/Twitter,0.0,0.003843098486053945,1.0,895.0,Carnival
Windmills,1.0,22409.0,X/Twitter,0.0,0.006706364163832644,1.0,896.0,Windmills
Machado,1.0,23060.0,X/Twitter,0.0,0.00690329876037083,1.0,897.0,Machado
Cool Hand Luke,1.0,240.0,X/Twitter,0.0,0.0,1.0,898.0,Cool Hand Luke
Blasian,1.0,240.0,X/Twitter,0.0,0.0,1.0,899.0,Blasian
Cristopher Sanchez,1.0,240.0,X/Twitter,0.0,0.0,1.0,900.0,Cristopher Sanchez
Mazi,1.0,240.0,X/Twitter,0.0,0.0,1.0,901.0,Mazi
Mavs,1.0,240.0,X/Twitter,0.0,0.0,1.0,902.0,Mavs
ALCS,1.0,240.0,X/Twitter,0.0,0.0,1.0,903.0,ALCS
Dabo Swinney,1.0,240.0,X/Twitter,0.0,0.0,1.0,904.0,Dabo Swinney
#SaWWorldTourTEM,1.0,77061.0,X/Twitter,0.0,0.023239189924208918,1.0,905.0,#SaWWorldTourTEM
Waka,1.0,13265.0,X/Twitter,0.0,0.003940204485268627,1.0,906.0,Waka
Jarrett Allen,1.0,240.0,X/Twitter,0.0,0.0,1.0,907.0,Jarrett Allen
Blake Perkins,1.0,240.0,X/Twitter,0.0,0.0,1.0,908.0,Blake Perkins
Ty Jerome,1.0,240.0,X/Twitter,0.0,0.0,1.0,909.0,Ty Jerome
Kidney,1.0,240.0,X/Twitter,0.0,0.0,1.0,910.0,Kidney
malcolm jamal warner,32650.0,32650.0,Google Trends,1.0,1.0,1.0,911.0,malcolm jamal warner
hulk hogan,29050.0,29050.0,Google Trends,0.8895705521472392,0.8895705521472392,2.0,338.0, hogan
ozzy osbourne death,19500.0,19500.0,Google Trends,0.5966257668711656,0.5966257668711656,1.0,912.0,ozzy osbourne death
ozzy osbourne,15150.0,15150.0,Google Trends,0.46319018404907975,0.46319018404907975,1.0,912.0,ozzy osbourne death
ozzy,13000.0,13000.0,Google Trends,0.39723926380368096,0.39723926380368096,1.0,913.0,ozzy
chuck mangione,10550.0,10550.0,Google Trends,0.3220858895705521,0.3220858895705521,1.0,914.0,chuck mangione
did ozzy osbourne die,5850.0,5850.0,Google Trends,0.17791411042944785,0.17791411042944785,1.0,915.0,did ozzy osbourne die
hulk hogan death,5800.0,5800.0,Google Trends,0.17638036809815952,0.17638036809815952,1.0,916.0,hulk hogan death
south park trump,5100.0,5100.0,Google Trends,0.1549079754601227,0.1549079754601227,1.0,917.0,south park trump
did hulk hogan die,5050.0,5050.0,Google Trends,0.15337423312883436,0.15337423312883436,1.0,918.0,did hulk hogan die
bugbear,4100.0,4100.0,Google Trends,0.12423312883435583,0.12423312883435583,1.0,919.0,bugbear
rabe,4000.0,4000.0,Google Trends,0.12116564417177914,0.12116564417177914,1.0,920.0,rabe
malcolm-jamal warner,2950.0,2950.0,Google Trends,0.08895705521472393,0.08895705521472393,1.0,921.0,malcolm-jamal warner
how did ozzy osbourne die,2700.0,2700.0,Google Trends,0.08128834355828221,0.08128834355828221,1.0,915.0,did ozzy osbourne die
gofer,2700.0,2700.0,Google Trends,0.08128834355828221,0.08128834355828221,1.0,922.0,gofer
sharon osbourne,2650.0,2650.0,Google Trends,0.07975460122699386,0.07975460122699386,1.0,923.0,sharon osbourne
ozzy osborne,2600.0,2600.0,Google Trends,0.07822085889570553,0.07822085889570553,1.0,924.0,ozzy osborne
geoduck,2350.0,2350.0,Google Trends,0.0705521472392638,0.0705521472392638,1.0,925.0,geoduck
hulk hogan died,2300.0,2300.0,Google Trends,0.06901840490797546,0.06901840490797546,1.0,916.0,hulk hogan death
rabe definition,2200.0,2200.0,Google Trends,0.06595092024539877,0.06595092024539877,1.0,926.0,rabe definition
hulk hogan news,2200.0,2200.0,Google Trends,0.06595092024539877,0.06595092024539877,1.0,916.0,hulk hogan death
chateaubriand,2150.0,2150.0,Google Trends,0.06441717791411043,0.06441717791411043,1.0,927.0,chateaubriand
starlink outage,2050.0,2050.0,Google Trends,0.06134969325153374,0.06134969325153374,1.0,928.0,starlink outage
hulk hogan dead,1850.0,1850.0,Google Trends,0.05521472392638037,0.05521472392638037,1.0,916.0,hulk hogan death
ozzy osbourne cause of death,1850.0,1850.0,Google Trends,0.05521472392638037,0.05521472392638037,1.0,912.0,ozzy osbourne death
titmouse,1750.0,1750.0,Google Trends,0.05214723926380368,0.05214723926380368,1.0,929.0,titmouse
hulk.hogan,1700.0,1700.0,Google Trends,0.05061349693251534,0.05061349693251534,1.0,930.0,hulk.hogan
theo huxtable,1650.0,1650.0,Google Trends,0.049079754601226995,0.049079754601226995,1.0,931.0,theo huxtable
did ozzy osbourne pass,1300.0,1300.0,Google Trends,0.03834355828220859,0.03834355828220859,1.0,915.0,did ozzy osbourne die
malcolm jamal warner shows,1300.0,1300.0,Google Trends,0.03834355828220859,0.03834355828220859,1.0,911.0,malcolm jamal warner
anne burrell,1300.0,1300.0,Google Trends,0.03834355828220859,0.03834355828220859,1.0,932.0,anne burrell
nick kurtz,1250.0,1250.0,Google Trends,0.03680981595092025,0.03680981595092025,1.0,933.0,nick kurtz
kohberger,1200.0,1200.0,Google Trends,0.0352760736196319,0.0352760736196319,2.0,381.0, kohberger
chess pie,1200.0,1200.0,Google Trends,0.0352760736196319,0.0352760736196319,1.0,934.0,chess pie
bryan kohberger,1200.0,1200.0,Google Trends,0.0352760736196319,0.0352760736196319,2.0,381.0, kohberger
hobgoblin,1150.0,1150.0,Google Trends,0.03374233128834356,0.03374233128834356,1.0,935.0,hobgoblin
lute meaning,1100.0,1100.0,Google Trends,0.032208588957055216,0.032208588957055216,1.0,936.0,lute meaning
malcolm jamal warner dead,1000.0,1000.0,Google Trends,0.029141104294478526,0.029141104294478526,1.0,911.0,malcolm jamal warner
justin fields,950.0,950.0,Google Trends,0.027607361963190184,0.027607361963190184,1.0,937.0,justin fields
kelly osbourne,950.0,950.0,Google Trends,0.027607361963190184,0.027607361963190184,1.0,938.0,kelly osbourne
wombat,950.0,950.0,Google Trends,0.027607361963190184,0.027607361963190184,1.0,939.0,wombat
lute,950.0,950.0,Google Trends,0.027607361963190184,0.027607361963190184,1.0,940.0,lute
mega dragonite,900.0,900.0,Google Trends,0.02607361963190184,0.02607361963190184,1.0,941.0,mega dragonite
bill cosby,850.0,850.0,Google Trends,0.024539877300613498,0.024539877300613498,1.0,942.0,bill cosby
how did hulk hogan pass,850.0,850.0,Google Trends,0.024539877300613498,0.024539877300613498,1.0,943.0,how did hulk hogan pass
anise,800.0,800.0,Google Trends,0.023006134969325152,0.023006134969325152,1.0,944.0,anise
vissel kobe vs barcelona,800.0,800.0,Google Trends,0.023006134969325152,0.023006134969325152,1.0,945.0,vissel kobe vs barcelona
liverpool vs milan,700.0,700.0,Google Trends,0.019938650306748466,0.019938650306748466,1.0,946.0,liverpool vs milan
anna smrek,700.0,700.0,Google Trends,0.019938650306748466,0.019938650306748466,1.0,947.0,anna smrek
black sabbath,700.0,700.0,Google Trends,0.019938650306748466,0.019938650306748466,1.0,948.0,black sabbath
gofer meaning,650.0,650.0,Google Trends,0.018404907975460124,0.018404907975460124,1.0,949.0,gofer meaning
corey adams,650.0,650.0,Google Trends,0.018404907975460124,0.018404907975460124,1.0,950.0,corey adams
south park season 27,650.0,650.0,Google Trends,0.018404907975460124,0.018404907975460124,2.0,44.0,South Park Season
twins vs dodgers,650.0,650.0,Google Trends,0.018404907975460124,0.018404907975460124,1.0,951.0,twins vs dodgers
dog the bounty hunter,600.0,600.0,Google Trends,0.01687116564417178,0.01687116564417178,1.0,952.0,dog the bounty hunter
claressa shields,600.0,600.0,Google Trends,0.01687116564417178,0.01687116564417178,1.0,953.0,claressa shields
ozzy osbourne songs,600.0,600.0,Google Trends,0.01687116564417178,0.01687116564417178,1.0,954.0,ozzy osbourne songs
trisha paytas,600.0,600.0,Google Trends,0.01687116564417178,0.01687116564417178,1.0,955.0,trisha paytas
happy gilmore 2 cast,500.0,500.0,Google Trends,0.013803680981595092,0.013803680981595092,2.0,612.0,happy gilmore 2
happy gilmore cast,500.0,500.0,Google Trends,0.013803680981595092,0.013803680981595092,2.0,612.0,happy gilmore 2
dow jones today,500.0,500.0,Google Trends,0.013803680981595092,0.013803680981595092,1.0,956.0,dow jones today
phillies vs yankees,450.0,450.0,Google Trends,0.012269938650306749,0.012269938650306749,1.0,957.0,phillies vs yankees
dow jones,450.0,450.0,Google Trends,0.012269938650306749,0.012269938650306749,1.0,956.0,dow jones today
national ice cream day,450.0,450.0,Google Trends,0.012269938650306749,0.012269938650306749,1.0,958.0,national ice cream day
dodgers vs red sox,400.0,400.0,Google Trends,0.010736196319018405,0.010736196319018405,1.0,959.0,dodgers vs red sox
ben askren,400.0,400.0,Google Trends,0.010736196319018405,0.010736196319018405,1.0,960.0,ben askren
phil collins,400.0,400.0,Google Trends,0.010736196319018405,0.010736196319018405,1.0,961.0,phil collins
luxe,350.0,350.0,Google Trends,0.009202453987730062,0.009202453987730062,1.0,962.0,luxe
cast of happy gilmore 2,350.0,350.0,Google Trends,0.009202453987730062,0.009202453987730062,2.0,612.0,happy gilmore 2
happy gilmore 2,350.0,350.0,Google Trends,0.009202453987730062,0.009202453987730062,2.0,612.0,happy gilmore 2
south park,350.0,350.0,Google Trends,0.009202453987730062,0.009202453987730062,2.0,44.0,South Park Season
john daly,350.0,350.0,Google Trends,0.009202453987730062,0.009202453987730062,1.0,963.0,john daly
jessie murph 1965 music video,350.0,350.0,Google Trends,0.009202453987730062,0.009202453987730062,1.0,964.0,jessie murph 1965 music video
adam sandler,350.0,350.0,Google Trends,0.009202453987730062,0.009202453987730062,2.0,640.0,Adam Sandler
haley joel osment,350.0,350.0,Google Trends,0.009202453987730062,0.009202453987730062,1.0,965.0,haley joel osment
adam sandler wife,350.0,350.0,Google Trends,0.009202453987730062,0.009202453987730062,2.0,640.0,Adam Sandler
candace owens,300.0,300.0,Google Trends,0.007668711656441718,0.007668711656441718,1.0,966.0,candace owens
venus williams,300.0,300.0,Google Trends,0.007668711656441718,0.007668711656441718,1.0,967.0,venus williams
happy gilmore,300.0,300.0,Google Trends,0.007668711656441718,0.007668711656441718,2.0,612.0,happy gilmore 2
severe thunderstorm warning,300.0,300.0,Google Trends,0.007668711656441718,0.007668711656441718,1.0,968.0,severe thunderstorm warning
giants vs braves,250.0,250.0,Google Trends,0.006134969325153374,0.006134969325153374,1.0,969.0,giants vs braves
tizzy definition,250.0,250.0,Google Trends,0.006134969325153374,0.006134969325153374,1.0,970.0,tizzy definition
nvda stock,250.0,250.0,Google Trends,0.006134969325153374,0.006134969325153374,1.0,971.0,nvda stock
parkinson's disease,250.0,250.0,Google Trends,0.006134969325153374,0.006134969325153374,1.0,972.0,parkinson's disease
yankees vs blue jays,250.0,250.0,Google Trends,0.006134969325153374,0.006134969325153374,1.0,973.0,yankees vs blue jays
nascar race today,250.0,250.0,Google Trends,0.006134969325153374,0.006134969325153374,1.0,974.0,nascar race today
streameast,250.0,250.0,Google Trends,0.006134969325153374,0.006134969325153374,1.0,975.0,streameast
will zalatoris,250.0,250.0,Google Trends,0.006134969325153374,0.006134969325153374,1.0,976.0,will zalatoris
open stock,200.0,200.0,Google Trends,0.004601226993865031,0.004601226993865031,1.0,977.0,open stock
tea app,200.0,200.0,Google Trends,0.004601226993865031,0.004601226993865031,1.0,978.0,tea app
yahoo finance,200.0,200.0,Google Trends,0.004601226993865031,0.004601226993865031,1.0,979.0,yahoo finance
dustin poirier,190.0,190.0,Google Trends,0.004294478527607362,0.004294478527607362,1.0,980.0,dustin poirier
bad bunny,190.0,190.0,Google Trends,0.004294478527607362,0.004294478527607362,1.0,981.0,bad bunny
billy joel,170.0,170.0,Google Trends,0.0036809815950920245,0.0036809815950920245,1.0,982.0,billy joel
manny pacquiao,170.0,170.0,Google Trends,0.0036809815950920245,0.0036809815950920245,1.0,983.0,manny pacquiao
max holloway vs dustin poirier,170.0,170.0,Google Trends,0.0036809815950920245,0.0036809815950920245,1.0,984.0,max holloway vs dustin poirier
ufc,160.0,160.0,Google Trends,0.003374233128834356,0.003374233128834356,1.0,985.0,ufc
anne burrell cause of death,160.0,160.0,Google Trends,0.003374233128834356,0.003374233128834356,1.0,986.0,anne burrell cause of death
stream east,150.0,150.0,Google Trends,0.003067484662576687,0.003067484662576687,1.0,987.0,stream east
fantastic 4,150.0,150.0,Google Trends,0.003067484662576687,0.003067484662576687,2.0,655.0,Fantastic 4
pacquiao vs barrios,140.0,140.0,Google Trends,0.0027607361963190185,0.0027607361963190185,1.0,988.0,pacquiao vs barrios
yungblud,130.0,130.0,Google Trends,0.00245398773006135,0.00245398773006135,1.0,989.0,yungblud
cubs,130.0,130.0,Google Trends,0.00245398773006135,0.00245398773006135,2.0,401.0,Cubs
ufc 318,110.0,110.0,Google Trends,0.0018404907975460123,0.0018404907975460123,1.0,990.0,ufc 318
manny pacquiao vs mario barrios,110.0,110.0,Google Trends,0.0018404907975460123,0.0018404907975460123,1.0,988.0,pacquiao vs barrios
savannah bananas,100.0,100.0,Google Trends,0.0015337423312883436,0.0015337423312883436,1.0,991.0,savannah bananas
astros vs mariners,100.0,100.0,Google Trends,0.0015337423312883436,0.0015337423312883436,1.0,992.0,astros vs mariners
nascar,100.0,100.0,Google Trends,0.0015337423312883436,0.0015337423312883436,2.0,794.0,NASCAR
the resident,100.0,100.0,Google Trends,0.0015337423312883436,0.0015337423312883436,1.0,993.0,the resident
fantastic four,100.0,100.0,Google Trends,0.0015337423312883436,0.0015337423312883436,2.0,583.0,Fantastic Four
inter miami,90.0,90.0,Google Trends,0.001226993865030675,0.001226993865030675,1.0,994.0,inter miami
ufc tonight,90.0,90.0,Google Trends,0.001226993865030675,0.001226993865030675,1.0,995.0,ufc tonight
deodorant recalled,90.0,90.0,Google Trends,0.001226993865030675,0.001226993865030675,1.0,996.0,deodorant recalled
cambodia,70.0,70.0,Google Trends,0.0006134969325153375,0.0006134969325153375,2.0,675.0,Cambodia
ghislaine maxwell,70.0,70.0,Google Trends,0.0006134969325153375,0.0006134969325153375,1.0,997.0,ghislaine maxwell
movies near me,60.0,60.0,Google Trends,0.00030674846625766873,0.00030674846625766873,1.0,998.0,movies near me
breakfast near me,50.0,50.0,Google Trends,0.0,0.0,1.0,999.0,breakfast near me
