keyword,frequency,engagement,platform,frequency_norm,engagement_norm,platform_count,group_id,group_name,category
Rust,9.0,8199590.0,YouTube,0.3478260869565217,0.0941638106906257,1.0,0.0,Rust,Entertainment & Media
Composer,21.0,3929996.0,YouTube,0.8695652173913043,0.04509692068977,1.0,1.0,Composer,Entertainment & Media
Dia,10.0,2523235.0,YouTube,0.391304347826087,0.0289301874489762,1.0,2.0,Dia,Entertainment & Media
Pokemon,5.0,157514.0,YouTube,0.1739130434782608,0.0017429251285508,1.0,3.0,Pokemon,Entertainment & Media
Song,7.0,29399635.0,YouTube,0.2608695652173913,0.3377982817968225,1.0,4.0,Song,Entertainment & Media
Movie,4.0,1156489.0,YouTube,0.1304347826086956,0.0132233132962793,2.0,5.0,Movie,Entertainment & Media
Fire,24.0,784517.0,YouTube,1.0,0.0089485487150572,1.0,6.0,Fire,Entertainment & Media
Anh,6.0,8113657.0,YouTube,0.217391304347826,0.0931762542488554,1.0,7.0,Anh,Entertainment & Media
Iem,13.0,7981720.0,YouTube,0.5217391304347826,0.0916600121269949,1.0,8.0,Iem,Entertainment & Media
Fortnite,6.0,1186783.0,YouTube,0.217391304347826,0.0135714570227521,1.0,9.0,Fortnite,Entertainment & Media
Tiktok,6.0,227699.0,YouTube,0.217391304347826,0.0025495029143332,1.0,10.0,Tiktok,Entertainment & Media
Roblox,11.0,6814738.0,YouTube,0.4347826086956521,0.078248859350647,1.0,11.0,Roblox,Entertainment & Media
Giving,4.0,2829579.0,YouTube,0.1304347826086956,0.0324507440523493,1.0,12.0,Giving,Entertainment & Media
Fortnite,9.0,1186783.0,YouTube,0.3478260869565217,0.0135714570227521,1.0,9.0,Fortnite,Entertainment & Media
Youtube,9.0,846768.0,YouTube,0.3478260869565217,0.0096639476427874,1.0,13.0,Youtube,Entertainment & Media
Farm,4.0,1838117.0,YouTube,0.1304347826086956,0.0210566965400967,1.0,14.0,Farm,Entertainment & Media
Song,13.0,29399635.0,YouTube,0.5217391304347826,0.3377982817968225,1.0,4.0,Song,Entertainment & Media
Garden,15.0,10558241.0,YouTube,0.6086956521739131,0.1212698233858394,1.0,15.0,Garden,Entertainment & Media
Animal,4.0,2060254.0,YouTube,0.1304347826086956,0.0236095321830454,1.0,16.0,Animal,Entertainment & Media
Hololive,9.0,1913024.0,YouTube,0.3478260869565217,0.0219175403414732,1.0,17.0,Hololive,Entertainment & Media
Youtube,12.0,846768.0,YouTube,0.4782608695652174,0.0096639476427874,1.0,13.0,Youtube,Entertainment & Media
Twitter,13.0,3785462.0,YouTube,0.5217391304347826,0.0434359117321539,1.0,18.0,Twitter,Entertainment & Media
Caylus,14.0,3529049.0,YouTube,0.5652173913043478,0.0404891705511917,1.0,19.0,Caylus,Entertainment & Media
Song,6.0,29399635.0,YouTube,0.217391304347826,0.3377982817968225,1.0,4.0,Song,Entertainment & Media
Twice,10.0,1377082.0,YouTube,0.391304347826087,0.0157584050323926,1.0,20.0,Twice,Entertainment & Media
Roblox,24.0,6814738.0,YouTube,1.0,0.078248859350647,1.0,11.0,Roblox,Entertainment & Media
Production,9.0,9460567.0,YouTube,0.3478260869565217,0.108655169764254,1.0,21.0,Production,Entertainment & Media
Game,14.0,238998.0,YouTube,0.5652173913043478,0.0026793529164926,2.0,22.0,Game,Entertainment & Media
Minecraft,21.0,4459381.0,YouTube,0.8695652173913043,0.051180701855638,1.0,23.0,Minecraft,Entertainment & Media
Drag,5.0,316346.0,YouTube,0.1739130434782608,0.0035682490990772,1.0,24.0,Drag,Entertainment & Media
Cristina,4.0,3641870.0,YouTube,0.1304347826086956,0.0417857283964544,1.0,25.0,Cristina,Entertainment & Media
Mountain,4.0,731049.0,YouTube,0.1304347826086956,0.0083340854957053,1.0,26.0,Mountain,Entertainment & Media
Instagram,10.0,5851287.0,YouTube,0.391304347826087,0.0671767189461461,2.0,27.0,Instagram,Entertainment & Media
Movie,7.0,1156489.0,YouTube,0.2608695652173913,0.0132233132962793,2.0,5.0,Movie,Entertainment & Media
Youtube,3.0,846768.0,YouTube,0.0869565217391304,0.0096639476427874,1.0,13.0,Youtube,Entertainment & Media
Brawl,5.0,375864.0,YouTube,0.1739130434782608,0.0042522399326485,1.0,28.0,Brawl,Entertainment & Media
Warzone,3.0,1978697.0,YouTube,0.0869565217391304,0.0226722654668659,1.0,29.0,Warzone,Entertainment & Media
Minecraft,12.0,4459381.0,YouTube,0.4782608695652174,0.051180701855638,1.0,23.0,Minecraft,Entertainment & Media
Shiv,5.0,230095.0,YouTube,0.1739130434782608,0.0025770381479976,1.0,30.0,Shiv,Entertainment & Media
Tung,13.0,1348157.0,YouTube,0.5217391304347826,0.0154259940834183,1.0,31.0,Tung,Entertainment & Media
Asmongold,8.0,4284181.0,YouTube,0.3043478260869565,0.0491672740851872,1.0,32.0,Asmongold,Entertainment & Media
Kohram,5.0,2066567.0,YouTube,0.1739130434782608,0.023682082237354,1.0,33.0,Kohram,Entertainment & Media
Ome,3.0,380963.0,YouTube,0.0869565217391304,0.0043108384954426,1.0,34.0,Ome,Entertainment & Media
Caseoh,14.0,3039631.0,YouTube,0.5652173913043478,0.0348646968493739,1.0,35.0,Caseoh,Entertainment & Media
War,2.0,277493.0,YouTube,0.0434782608695652,0.0031217439097774,1.0,36.0,War,Entertainment & Media
Vocal,6.0,9735365.0,YouTube,0.217391304347826,0.1118131944472696,1.0,37.0,Vocal,Entertainment & Media
Trailer,13.0,20755144.0,YouTube,0.5217391304347826,0.2384543420661625,1.0,38.0,Trailer,Entertainment & Media
Product,13.0,4435590.0,YouTube,0.5217391304347826,0.0509072916953252,1.0,39.0,Product,Entertainment & Media
Twice,12.0,1377082.0,YouTube,0.4782608695652174,0.0157584050323926,1.0,20.0,Twice,Entertainment & Media
Pokemon,5.0,157514.0,YouTube,0.1739130434782608,0.0017429251285508,1.0,3.0,Pokemon,Entertainment & Media
Brainrot,22.0,1316075.0,YouTube,0.9130434782608696,0.015057302361206,1.0,40.0,Brainrot,Entertainment & Media
Naag,8.0,3279646.0,YouTube,0.3043478260869565,0.0376229894653827,1.0,41.0,Naag,Entertainment & Media
Trong,9.0,4396217.0,YouTube,0.3478260869565217,0.0504548105788529,1.0,42.0,Trong,Entertainment & Media
Youtu,7.0,1620020.0,YouTube,0.2608695652173913,0.0185502892544118,1.0,43.0,Youtu,Entertainment & Media
Äen,3.0,916088.0,YouTube,0.0869565217391304,0.0104605847035617,1.0,44.0,Äen,Entertainment & Media
Jolene,7.0,1629399.0,YouTube,0.2608695652173913,0.0186580742947032,1.0,45.0,Jolene,Entertainment & Media
Shankar,2.0,174326.0,YouTube,0.0434782608695652,0.001936131450907,1.0,46.0,Shankar,Entertainment & Media
Destiny,14.0,4537208.0,YouTube,0.5652173913043478,0.0520751027865219,1.0,47.0,Destiny,Entertainment & Media
Smii,13.0,10334646.0,YouTube,0.5217391304347826,0.1187002321624722,1.0,48.0,Smii,Entertainment & Media
Stage,3.0,2070313.0,YouTube,0.0869565217391304,0.0237251318973318,1.0,49.0,Stage,Entertainment & Media
Und,7.0,418170.0,YouTube,0.2608695652173913,0.0047384275768077,1.0,50.0,Und,Entertainment & Media
Moist,7.0,5231874.0,YouTube,0.2608695652173913,0.0600583209120239,1.0,51.0,Moist,Entertainment & Media
Battlefield,5.0,945554.0,YouTube,0.1739130434782608,0.0107992129152289,1.0,52.0,Battlefield,Entertainment & Media
Que,5.0,874113.0,YouTube,0.1739130434782608,0.0099782009668912,2.0,53.0,Que,Entertainment & Media
Clan,13.0,16668207.0,YouTube,0.5217391304347826,0.1914865769298458,1.0,54.0,Clan,Entertainment & Media
Takedown,8.0,1188780.0,YouTube,0.3043478260869565,0.0135944068815283,1.0,55.0,Takedown,Entertainment & Media
Mck,4.0,2989990.0,YouTube,0.1304347826086956,0.0342942141555786,1.0,56.0,Mck,Entertainment & Media
Jynxzi,12.0,2143041.0,YouTube,0.4782608695652174,0.0245609342654216,1.0,57.0,Jynxzi,Entertainment & Media
Hit,9.0,924689.0,YouTube,0.3478260869565217,0.0105594288374295,1.0,58.0,Hit,Entertainment & Media
Roblox,9.0,6814738.0,YouTube,0.3478260869565217,0.078248859350647,1.0,11.0,Roblox,Entertainment & Media
Song,1.0,29399635.0,YouTube,0.0,0.3377982817968225,1.0,4.0,Song,Entertainment & Media
Rezon,1.0,9602.0,YouTube,0.0,4.309562864834664e-05,1.0,59.0,Rezon,Entertainment & Media
Zdf,1.0,5852.0,YouTube,0.0,0.0,1.0,60.0,Zdf,Entertainment & Media
Youtube,2.0,846768.0,YouTube,0.0434782608695652,0.0096639476427874,1.0,13.0,Youtube,Entertainment & Media
Yogscast,8.0,590727.0,YouTube,0.3043478260869565,0.0067214815481871,1.0,61.0,Yogscast,Entertainment & Media
Brainrot,8.0,1316075.0,YouTube,0.3043478260869565,0.015057302361206,1.0,40.0,Brainrot,Entertainment & Media
Snapshot,13.0,7802792.0,YouTube,0.5217391304347826,0.0896037415555839,1.0,62.0,Snapshot,Entertainment & Media
Apex,7.0,256563.0,YouTube,0.2608695652173913,0.0028812128410815,1.0,63.0,Apex,Entertainment & Media
Battlefield,8.0,945554.0,YouTube,0.3043478260869565,0.0107992129152289,1.0,52.0,Battlefield,Entertainment & Media
Jasontheween,3.0,1541123.0,YouTube,0.0869565217391304,0.0176435917041535,1.0,64.0,Jasontheween,Entertainment & Media
Panchami,9.0,855889.0,YouTube,0.3478260869565217,0.0097687677038279,1.0,65.0,Panchami,Entertainment & Media
Arazhul,5.0,560538.0,YouTube,0.1739130434782608,0.0063745444993164,1.0,66.0,Arazhul,Entertainment & Media
Jynxzi,11.0,2143041.0,YouTube,0.4347826086956521,0.0245609342654216,1.0,57.0,Jynxzi,Entertainment & Media
Minecraft,6.0,4459381.0,YouTube,0.217391304347826,0.051180701855638,1.0,23.0,Minecraft,Entertainment & Media
Picture,10.0,2205301.0,YouTube,0.391304347826087,0.0252764366226606,1.0,67.0,Picture,Entertainment & Media
Datto,10.0,1582182.0,YouTube,0.391304347826087,0.0181154486152662,1.0,68.0,Datto,Entertainment & Media
Roblox,21.0,6814738.0,YouTube,0.8695652173913043,0.078248859350647,1.0,11.0,Roblox,Entertainment & Media
Brookhaven,9.0,4294658.0,YouTube,0.3478260869565217,0.0492876775255469,1.0,69.0,Brookhaven,Entertainment & Media
Team,4.0,3552333.0,YouTube,0.1304347826086956,0.0407567541825112,1.0,70.0,Team,Entertainment & Media
Hbo,4.0,1921753.0,YouTube,0.1304347826086956,0.0220178554727989,1.0,71.0,Hbo,Entertainment & Media
Roblox,4.0,6814738.0,YouTube,0.1304347826086956,0.078248859350647,1.0,11.0,Roblox,Entertainment & Media
Costa,4.0,317401.0,YouTube,0.1304347826086956,0.0035803733359369,1.0,72.0,Costa,Entertainment & Media
Tectone,6.0,1074022.0,YouTube,0.217391304347826,0.0122755887075478,1.0,73.0,Tectone,Entertainment & Media
Lck,12.0,5252483.0,YouTube,0.4782608695652174,0.0602951629949076,1.0,74.0,Lck,Entertainment & Media
Youtube,7.0,846768.0,YouTube,0.2608695652173913,0.0096639476427874,1.0,13.0,Youtube,Entertainment & Media
Roblox,10.0,6814738.0,YouTube,0.391304347826087,0.078248859350647,1.0,11.0,Roblox,Entertainment & Media
Wave,9.0,1240281.0,YouTube,0.3478260869565217,0.0141862650071333,1.0,75.0,Wave,Entertainment & Media
Malayalam,7.0,2092171.0,YouTube,0.2608695652173913,0.0239763276975973,1.0,76.0,Malayalam,Entertainment & Media
Gta,2.0,832187.0,YouTube,0.0434782608695652,0.009496380346435,1.0,77.0,Gta,Entertainment & Media
Unforgettable,10.0,977785.0,YouTube,0.391304347826087,0.0111696169704195,1.0,78.0,Unforgettable,Entertainment & Media
Song,7.0,29399635.0,YouTube,0.2608695652173913,0.3377982817968225,1.0,4.0,Song,Entertainment & Media
Zetadivision,7.0,579814.0,YouTube,0.2608695652173913,0.0065960675227366,1.0,79.0,Zetadivision,Entertainment & Media
Van,6.0,1796800.0,YouTube,0.217391304347826,0.020581874649733,1.0,80.0,Van,Entertainment & Media
Que,4.0,874113.0,YouTube,0.1304347826086956,0.0099782009668912,2.0,53.0,Que,Entertainment & Media
Fifa,10.0,1151560.0,YouTube,0.391304347826087,0.0131666684019839,1.0,81.0,Fifa,Entertainment & Media
Amzn,7.0,468947.0,YouTube,0.2608695652173913,0.0053219653730416,1.0,82.0,Amzn,Entertainment & Media
Rimworld,7.0,3011224.0,YouTube,0.2608695652173913,0.034538238843237,1.0,83.0,Rimworld,Entertainment & Media
Slot,8.0,950761.0,YouTube,0.3043478260869565,0.0108590526321281,1.0,84.0,Slot,Entertainment & Media
Gta,5.0,832187.0,YouTube,0.1739130434782608,0.009496380346435,1.0,77.0,Gta,Entertainment & Media
Hanuman,4.0,1145753.0,YouTube,0.1304347826086956,0.013099933384501,1.0,85.0,Hanuman,Entertainment & Media
Gaules,4.0,1500895.0,YouTube,0.1304347826086956,0.0171812847843493,1.0,86.0,Gaules,Entertainment & Media
Game,3.0,238998.0,YouTube,0.0869565217391304,0.0026793529164926,2.0,22.0,Game,Entertainment & Media
Sunderkand,8.0,814253.0,YouTube,0.3043478260869565,0.0092902798119872,1.0,87.0,Sunderkand,Entertainment & Media
Fire,11.0,784517.0,YouTube,0.4347826086956521,0.0089485487150572,1.0,6.0,Fire,Entertainment & Media
Warzone,9.0,1978697.0,YouTube,0.3478260869565217,0.0226722654668659,1.0,29.0,Warzone,Entertainment & Media
Jynxzi,8.0,2143041.0,YouTube,0.3043478260869565,0.0245609342654216,1.0,57.0,Jynxzi,Entertainment & Media
Morgana,12.0,2259735.0,YouTube,0.4782608695652174,0.0259020012759523,1.0,88.0,Morgana,Entertainment & Media
Fire,10.0,784517.0,YouTube,0.391304347826087,0.0089485487150572,1.0,6.0,Fire,Entertainment & Media
Trailer,7.0,20755144.0,YouTube,0.2608695652173913,0.2384543420661625,1.0,38.0,Trailer,Entertainment & Media
Song,8.0,29399635.0,YouTube,0.3043478260869565,0.3377982817968225,1.0,4.0,Song,Entertainment & Media
Avatar,2.0,87021638.0,YouTube,0.0434782608695652,1.0,1.0,89.0,Avatar,Entertainment & Media
Kart,7.0,1739788.0,YouTube,0.2608695652173913,0.0199266831882665,1.0,90.0,Kart,Entertainment & Media
Gta,6.0,832187.0,YouTube,0.217391304347826,0.009496380346435,1.0,77.0,Gta,Entertainment & Media
Cubit,5.0,6299767.0,YouTube,0.1739130434782608,0.0723307262891356,1.0,91.0,Cubit,Entertainment & Media
Twitch,8.0,648524.0,YouTube,0.3043478260869565,0.0073856943612507,1.0,92.0,Twitch,Entertainment & Media
Youtube,11.0,846768.0,YouTube,0.4347826086956521,0.0096639476427874,1.0,13.0,Youtube,Entertainment & Media
Amzn,9.0,468947.0,YouTube,0.3478260869565217,0.0053219653730416,1.0,82.0,Amzn,Entertainment & Media
Kajari,6.0,1107281.0,YouTube,0.217391304347826,0.0126578067110719,1.0,93.0,Kajari,Entertainment & Media
Chess,6.0,2900389.0,YouTube,0.217391304347826,0.0332645044429064,1.0,94.0,Chess,Entertainment & Media
Minecraft,13.0,4459381.0,YouTube,0.5217391304347826,0.051180701855638,1.0,23.0,Minecraft,Entertainment & Media
Youtube,9.0,846768.0,YouTube,0.3478260869565217,0.0096639476427874,1.0,13.0,Youtube,Entertainment & Media
Blackpink,10.0,25103739.0,YouTube,0.391304347826087,0.2884291248027111,1.0,95.0,Blackpink,Entertainment & Media
Roblox,5.0,6814738.0,YouTube,0.1739130434782608,0.078248859350647,1.0,11.0,Roblox,Entertainment & Media
Bigpuffer,9.0,828272.0,YouTube,0.3478260869565217,0.0094513885101261,1.0,96.0,Bigpuffer,Entertainment & Media
Song,5.0,29399635.0,YouTube,0.1739130434782608,0.3377982817968225,1.0,4.0,Song,Entertainment & Media
Fpl,5.0,742686.0,YouTube,0.1739130434782608,0.0084678198505268,1.0,97.0,Fpl,Entertainment & Media
Song,3.0,29399635.0,YouTube,0.0869565217391304,0.3377982817968225,1.0,4.0,Song,Entertainment & Media
Mario,13.0,1555582.0,YouTube,0.5217391304347826,0.0178097569560539,1.0,98.0,Mario,Entertainment & Media
Fgo,2.0,79484.0,YouTube,0.0434782608695652,0.000846191287636,1.0,99.0,Fgo,Entertainment & Media
Gta,7.0,832187.0,YouTube,0.2608695652173913,0.009496380346435,1.0,77.0,Gta,Entertainment & Media
Dashama,7.0,1947725.0,YouTube,0.2608695652173913,0.0223163300507335,1.0,100.0,Dashama,Entertainment & Media
Twitch,8.0,648524.0,YouTube,0.3043478260869565,0.0073856943612507,1.0,92.0,Twitch,Entertainment & Media
Grow,13.0,2870541.0,YouTube,0.5217391304347826,0.0329214862232009,1.0,101.0,Grow,Entertainment & Media
Fisch,8.0,2518049.0,YouTube,0.3043478260869565,0.0288705890675974,1.0,102.0,Fisch,Entertainment & Media
Escape,6.0,668112.0,YouTube,0.217391304347826,0.0076108029409744,1.0,103.0,Escape,Entertainment & Media
Dayz,8.0,1997134.0,YouTube,0.3043478260869565,0.0228841465616365,1.0,104.0,Dayz,Entertainment & Media
Amzn,6.0,468947.0,YouTube,0.217391304347826,0.0053219653730416,1.0,82.0,Amzn,Entertainment & Media
Minecraft,14.0,4459381.0,YouTube,0.5652173913043478,0.051180701855638,1.0,23.0,Minecraft,Entertainment & Media
Noites,3.0,317202.0,YouTube,0.0869565217391304,0.0035780863945767,1.0,105.0,Noites,Entertainment & Media
Sims,11.0,10702553.0,YouTube,0.4347826086956521,0.1229282810822395,1.0,106.0,Sims,Entertainment & Media
Che,7.0,3009098.0,YouTube,0.2608695652173913,0.0345138064948353,1.0,107.0,Che,Entertainment & Media
Gothamchess,11.0,1549223.0,YouTube,0.4347826086956521,0.0177366782620339,1.0,108.0,Gothamchess,Entertainment & Media
David,14.0,4629200.0,YouTube,0.5652173913043478,0.0531322902720203,1.0,109.0,David,Entertainment & Media
Folix,6.0,2412382.0,YouTube,0.217391304347826,0.0276562461896281,1.0,110.0,Folix,Entertainment & Media
Deep,9.0,1981974.0,YouTube,0.3478260869565217,0.0227099253002208,1.0,111.0,Deep,Entertainment & Media
Horror,5.0,425701.0,YouTube,0.1739130434782608,0.0048249750913012,1.0,112.0,Horror,Entertainment & Media
Youtube,8.0,846768.0,YouTube,0.3043478260869565,0.0096639476427874,1.0,13.0,Youtube,Entertainment & Media
Cartoonz,13.0,8039754.0,YouTube,0.5217391304347826,0.0923269485837891,1.0,113.0,Cartoonz,Entertainment & Media
Netflix,18.0,2219976.0,YouTube,0.7391304347826086,0.0254450841827711,1.0,114.0,Netflix,Entertainment & Media
Song,13.0,29399635.0,YouTube,0.5217391304347826,0.3377982817968225,1.0,4.0,Song,Entertainment & Media
ãƒ›ã‚±ãƒ›ã‚±,8.0,487465.0,YouTube,0.3043478260869565,0.0055347773333909,1.0,115.0,ãƒ›ã‚±ãƒ›ã‚±,Entertainment & Media
Yaavaaga,3.0,155116.0,YouTube,0.0869565217391304,0.0017153669105511,1.0,116.0,Yaavaaga,Entertainment & Media
Typicalgamer,10.0,1240699.0,YouTube,0.391304347826087,0.0141910687332066,1.0,117.0,Typicalgamer,Entertainment & Media
Apple,7.0,2062559.0,YouTube,0.2608695652173913,0.0236360216294546,1.0,118.0,Apple,Entertainment & Media
Youtube,5.0,846768.0,YouTube,0.1739130434782608,0.0096639476427874,1.0,13.0,Youtube,Entertainment & Media
Song,9.0,29399635.0,YouTube,0.3478260869565217,0.3377982817968225,1.0,4.0,Song,Entertainment & Media
Instagram,10.0,5851287.0,YouTube,0.391304347826087,0.0671767189461461,2.0,27.0,Instagram,Entertainment & Media
Valorant,4.0,1601453.0,YouTube,0.1304347826086956,0.0183369141778481,1.0,119.0,Valorant,Entertainment & Media
Sensibilidade,8.0,8401126.0,YouTube,0.3043478260869565,0.0964798961880319,1.0,120.0,Sensibilidade,Entertainment & Media
Dayz,4.0,1997134.0,YouTube,0.1304347826086956,0.0228841465616365,1.0,104.0,Dayz,Entertainment & Media
Roblox,10.0,6814738.0,YouTube,0.391304347826087,0.078248859350647,1.0,11.0,Roblox,Entertainment & Media
Cash,16.0,6155540.0,YouTube,0.6521739130434783,0.0706732454269849,1.0,121.0,Cash,Entertainment & Media
Btd,5.0,688344.0,YouTube,0.1739130434782608,0.0078433124766579,1.0,122.0,Btd,Entertainment & Media
Deja,6.0,812572.0,YouTube,0.217391304347826,0.0092709614781851,1.0,123.0,Deja,Entertainment & Media
Hai,3.0,744509.0,YouTube,0.0869565217391304,0.0084887700721338,1.0,124.0,Hai,Entertainment & Media
Hubballi,4.0,281217.0,YouTube,0.1304347826086956,0.0031645407420671,1.0,125.0,Hubballi,Entertainment & Media
Never,2.0,90053.0,YouTube,0.0434782608695652,0.0009676520074185,1.0,126.0,Never,Entertainment & Media
Whistle,4.0,333804.0,YouTube,0.1304347826086956,0.0037688793617286,1.0,127.0,Whistle,Entertainment & Media
Roblox,10.0,6814738.0,YouTube,0.391304347826087,0.078248859350647,1.0,11.0,Roblox,Entertainment & Media
Bike,16.0,8787243.0,YouTube,0.6521739130434783,0.1009172174805155,1.0,128.0,Bike,Entertainment & Media
Star,9.0,1072285.0,YouTube,0.3478260869565217,0.0122556268123579,1.0,129.0,Star,Entertainment & Media
Instagram,8.0,5851287.0,YouTube,0.3043478260869565,0.0671767189461461,2.0,27.0,Instagram,Entertainment & Media
Team,10.0,3552333.0,YouTube,0.391304347826087,0.0407567541825112,1.0,70.0,Team,Entertainment & Media
Ø§Ù„Ø³Ù‡Ø±,4.0,1486645.0,YouTube,0.1304347826086956,0.0170175213954856,1.0,130.0,Ø§Ù„Ø³Ù‡Ø±,Entertainment & Media
Coin,3.0,537146.0,YouTube,0.0869565217391304,0.0061057197138919,1.0,131.0,Coin,Entertainment & Media
Instagram,7.0,5851287.0,YouTube,0.2608695652173913,0.0671767189461461,2.0,27.0,Instagram,Entertainment & Media
Avatar,15.0,87021638.0,YouTube,0.6086956521739131,1.0,1.0,89.0,Avatar,Entertainment & Media
Clash,18.0,6961874.0,YouTube,0.7391304347826086,0.0799397709284611,1.0,132.0,Clash,Entertainment & Media
Efootball,3.0,415126.0,YouTube,0.0869565217391304,0.0047034454185129,1.0,133.0,Efootball,Entertainment & Media
Gilmour,8.0,1004922.0,YouTube,0.3043478260869565,0.0114814799236543,1.0,134.0,Gilmour,Entertainment & Media
Apex,2.0,256563.0,YouTube,0.0434782608695652,0.0028812128410815,1.0,63.0,Apex,Entertainment & Media
Producao,4.0,372604.0,YouTube,0.1304347826086956,0.0042147754661435,1.0,135.0,Producao,Entertainment & Media
Youtube,7.0,846768.0,YouTube,0.2608695652173913,0.0096639476427874,1.0,13.0,Youtube,Entertainment & Media
Divine,6.0,1541951.0,YouTube,0.217391304347826,0.0176531072189591,1.0,136.0,Divine,Entertainment & Media
Scaling,7.0,6949557.0,YouTube,0.2608695652173913,0.0797982218996447,1.0,137.0,Scaling,Entertainment & Media
Kong,5.0,602812.0,YouTube,0.1739130434782608,0.0068603643941112,1.0,138.0,Kong,Entertainment & Media
Hearthstone,6.0,2296549.0,YouTube,0.217391304347826,0.0263250739354351,1.0,139.0,Hearthstone,Entertainment & Media
Ğ‘Ğ»Ğ¾ÑÑĞ¾Ğ¼,8.0,1232220.0,YouTube,0.3043478260869565,0.0140936266437908,1.0,140.0,Ğ‘Ğ»Ğ¾ÑÑĞ¾Ğ¼,Entertainment & Media
Trymacs,5.0,349073.0,YouTube,0.1739130434782608,0.0039443532694171,1.0,141.0,Trymacs,Entertainment & Media
Ganesh,4.0,697202.0,YouTube,0.1304347826086956,0.0079451100976091,1.0,142.0,Ganesh,Entertainment & Media
Thing,113.0,364357.0,Reddit,1.0,1.0,1.0,143.0,Thing,Entertainment & Media
Partner,10.0,50439.0,Reddit,0.0803571428571428,0.1374386226187499,1.0,144.0,Partner,Entertainment & Media
First,6.0,16019.0,Reddit,0.0446428571428571,0.0428618139952794,1.0,145.0,First,Entertainment & Media
Indian,10.0,27065.0,Reddit,0.0803571428571428,0.0732132209695634,1.0,146.0,Indian,Entertainment & Media
Need,12.0,85988.0,Reddit,0.0982142857142857,0.2351176165105499,1.0,147.0,Need,Entertainment & Media
Name,9.0,7419.0,Reddit,0.0714285714285714,0.0192313504809898,1.0,148.0,Name,Entertainment & Media
Say,11.0,28445.0,Reddit,0.0892857142857142,0.0770050860451122,1.0,149.0,Say,Entertainment & Media
Think,16.0,78054.0,Reddit,0.1339285714285714,0.2133171400544599,1.0,150.0,Think,Entertainment & Media
May,1.0,579.0,Reddit,0.0,0.0004368888021827,1.0,151.0,May,Entertainment & Media
Perfect,11.0,54646.0,Reddit,0.0892857142857142,0.1489983156425425,1.0,152.0,Perfect,Entertainment & Media
Pain,5.0,31149.0,Reddit,0.0357142857142857,0.0844349434105353,1.0,153.0,Pain,Entertainment & Media
Root,1.0,10881.0,Reddit,0.0,0.0287439859096491,1.0,154.0,Root,Entertainment & Media
Painted,1.0,5015.0,Reddit,0.0,0.0126258116102512,1.0,155.0,Painted,Entertainment & Media
People,10.0,25390.0,Reddit,0.0803571428571428,0.0686107760409081,1.0,156.0,People,Entertainment & Media
Artist,6.0,6294.0,Reddit,0.0446428571428571,0.0161401561259228,1.0,157.0,Artist,Entertainment & Media
Leather,1.0,2989.0,Reddit,0.0,0.0070589140428151,1.0,158.0,Leather,Entertainment & Media
Bro,9.0,71562.0,Reddit,0.0714285714285714,0.1954788878294869,1.0,159.0,Bro,Entertainment & Media
Game,18.0,1206.0,Reddit,0.1517857142857142,0.0021597144560734,2.0,22.0,Game,Entertainment & Media
Ist,2.0,9224.0,Reddit,0.0089285714285714,0.024191000090675,1.0,160.0,Ist,Entertainment & Media
Breathe,1.0,545.0,Reddit,0.0,0.0003434660394518,1.0,161.0,Breathe,Entertainment & Media
Plate,4.0,43971.0,Reddit,0.0267857142857142,0.1196663158733517,1.0,162.0,Plate,Entertainment & Media
Man,11.0,91967.0,Reddit,0.0892857142857142,0.2515462841096124,1.0,163.0,Man,Entertainment & Media
Earthquake,6.0,15694.0,Reddit,0.0446428571428571,0.0419688022927045,1.0,164.0,Earthquake,Entertainment & Media
Made,2.0,8070.0,Reddit,0.0089285714285714,0.0210201216144552,1.0,165.0,Made,Entertainment & Media
True,13.0,40909.0,Reddit,0.1071428571428571,0.1112527717709383,1.0,166.0,True,Entertainment & Media
Single,1.0,1339.0,Reddit,0.0,0.0025251623220502,1.0,167.0,Single,Entertainment & Media
Idf,1.0,679.0,Reddit,0.0,0.0007116616337443,1.0,168.0,Idf,Entertainment & Media
History,10.0,22172.0,Reddit,0.0803571428571428,0.0597685863212589,1.0,169.0,History,Entertainment & Media
Care,4.0,34285.0,Reddit,0.0267857142857142,0.0930518194083041,1.0,170.0,Care,Entertainment & Media
Make,10.0,17417.0,Reddit,0.0803571428571428,0.0467031381805092,1.0,171.0,Make,Entertainment & Media
Status,5.0,11192.0,Reddit,0.0357142857142857,0.0295985294158054,1.0,172.0,Status,Entertainment & Media
Dog,8.0,11614.0,Reddit,0.0625,0.030758070764995,1.0,173.0,Dog,Entertainment & Media
Ich,4.0,11187.0,Reddit,0.0267857142857142,0.0295847907742274,1.0,174.0,Ich,Entertainment & Media
Good,1.0,1946.0,Reddit,0.0,0.0041930334096285,1.0,175.0,Good,Entertainment & Media
Come,2.0,5808.0,Reddit,0.0089285714285714,0.0148047601645339,1.0,176.0,Come,Entertainment & Media
Last,12.0,79176.0,Reddit,0.0982142857142857,0.21640009122458,1.0,177.0,Last,Entertainment & Media
Content,2.0,3188.0,Reddit,0.0089285714285714,0.0076057119776225,1.0,178.0,Content,Entertainment & Media
Pawn,14.0,30411.0,Reddit,0.1160714285714285,0.0824071199136114,1.0,179.0,Pawn,Entertainment & Media
Looking,3.0,5422.0,Reddit,0.0178571428571428,0.0137441370347065,1.0,180.0,Looking,Entertainment & Media
Rich,32.0,161150.0,Reddit,0.2767857142857143,0.4416423721688094,1.0,181.0,Rich,Entertainment & Media
Student,2.0,7314.0,Reddit,0.0089285714285714,0.0189428390078502,1.0,182.0,Student,Entertainment & Media
Stop,1.0,3022.0,Reddit,0.0,0.0071495890772304,1.0,183.0,Stop,Entertainment & Media
Ich,7.0,11187.0,Reddit,0.0535714285714285,0.0295847907742274,1.0,174.0,Ich,Entertainment & Media
Maybe,13.0,27239.0,Reddit,0.1071428571428571,0.0736913256964804,1.0,184.0,Maybe,Entertainment & Media
Yesterday,1.0,1699.0,Reddit,0.0,0.0035143445156716,1.0,185.0,Yesterday,Entertainment & Media
Real,5.0,3389.0,Reddit,0.0357142857142857,0.0081580053690611,1.0,186.0,Real,Entertainment & Media
Best,14.0,30537.0,Reddit,0.1160714285714285,0.0827533336813789,1.0,187.0,Best,Entertainment & Media
Japan,8.0,10329.0,Reddit,0.0625,0.0272272398794296,1.0,188.0,Japan,Entertainment & Media
One,7.0,28652.0,Reddit,0.0535714285714285,0.0775738658064445,1.0,189.0,One,Entertainment & Media
Scene,25.0,103455.0,Reddit,0.2142857142857142,0.2831121869993983,1.0,190.0,Scene,Entertainment & Media
Force,3.0,2840.0,Reddit,0.0178571428571428,0.0066495025237884,1.0,191.0,Force,Entertainment & Media
Game,2.0,1206.0,Reddit,0.0089285714285714,0.0021597144560734,2.0,22.0,Game,Entertainment & Media
Mastodon,1.0,987.0,Reddit,0.0,0.0015579619549537,1.0,192.0,Mastodon,Entertainment & Media
Sign,5.0,8272.0,Reddit,0.0357142857142857,0.0215751627342094,1.0,193.0,Sign,Entertainment & Media
Family,8.0,49799.0,Reddit,0.0625,0.1356800764967563,1.0,194.0,Family,Entertainment & Media
Asking,3.0,13690.0,Reddit,0.0178571428571428,0.0364623547482119,1.0,195.0,Asking,Entertainment & Media
Hegdahl,4.0,9288.0,Reddit,0.0267857142857142,0.0243668547028743,1.0,196.0,Hegdahl,Entertainment & Media
Way,14.0,85566.0,Reddit,0.1160714285714285,0.2339580751613603,1.0,197.0,Way,Entertainment & Media
Parking,5.0,16804.0,Reddit,0.0357142857142857,0.0450187807230372,1.0,198.0,Parking,Entertainment & Media
Dryer,11.0,24906.0,Reddit,0.0892857142857142,0.0672808755361504,1.0,199.0,Dryer,Entertainment & Media
Movie,3.0,4141.0,Reddit,0.0178571428571428,0.0102242970624036,2.0,5.0,Movie,Entertainment & Media
Art,11.0,46557.0,Reddit,0.0892857142857142,0.1267719412975322,1.0,200.0,Art,Entertainment & Media
Going,4.0,3381.0,Reddit,0.0267857142857142,0.0081360235425362,1.0,201.0,Going,Entertainment & Media
Said,3.0,3395.0,Reddit,0.0178571428571428,0.0081744917389548,1.0,202.0,Said,Entertainment & Media
Today,6.0,9006.0,Reddit,0.0446428571428571,0.0235919953178709,1.0,203.0,Today,Entertainment & Media
Year,1.0,1595.0,Reddit,0.0,0.0032285807708477,1.0,204.0,Year,Entertainment & Media
School,15.0,52593.0,Reddit,0.125,0.1433572294105848,1.0,205.0,School,Entertainment & Media
Map,1.0,21138.0,Reddit,0.0,0.0569274352429129,1.0,206.0,Map,Entertainment & Media
Instagram,3.0,4377.0,Reddit,0.0178571428571428,0.0108727609448888,2.0,27.0,Instagram,Entertainment & Media
Que,7.0,7150.0,Reddit,0.0535714285714285,0.0184922115640893,2.0,53.0,Que,Entertainment & Media
Favorite,5.0,9137.0,Reddit,0.0357142857142857,0.0239519477272165,1.0,207.0,Favorite,Entertainment & Media
Official,3.0,13421.0,Reddit,0.0178571428571428,0.0357232158313114,1.0,208.0,Official,Entertainment & Media
One,10.0,28652.0,Reddit,0.0803571428571428,0.0775738658064445,1.0,189.0,One,Entertainment & Media
Want,1.0,2182.0,Reddit,0.0,0.0048414972921137,1.0,209.0,Want,Entertainment & Media
Dad,13.0,59610.0,Reddit,0.1071428571428571,0.1626380390012557,1.0,210.0,Dad,Entertainment & Media
Point,9.0,14684.0,Reddit,0.0714285714285714,0.0391935966939332,1.0,211.0,Point,Entertainment & Media
Girl,4.0,20117.0,Reddit,0.0267857142857142,0.0541220046326699,1.0,212.0,Girl,Entertainment & Media
Mean,5.0,32539.0,Reddit,0.0357142857142857,0.0882542857692402,1.0,213.0,Mean,Entertainment & Media
Win,5.0,46935.0,Reddit,0.0357142857142857,0.1278105826008347,1.0,214.0,Win,Entertainment & Media
Also,2.0,6891.0,Reddit,0.0089285714285714,0.017780549930345,1.0,215.0,Also,Entertainment & Media
Original,20.0,69393.0,Reddit,0.1696428571428571,0.1895190651129178,1.0,216.0,Original,Entertainment & Media
Theory,5.0,6582.0,Reddit,0.0357142857142857,0.01693150188082,1.0,217.0,Theory,Entertainment & Media
Work,14.0,61783.0,Reddit,0.1160714285714285,0.1686088526310872,1.0,218.0,Work,Entertainment & Media
Pizza,4.0,4069.0,Reddit,0.0267857142857142,0.0100264606236793,1.0,219.0,Pizza,Entertainment & Media
Found,4.0,13479.0,Reddit,0.0267857142857142,0.0358825840736171,1.0,220.0,Found,Entertainment & Media
Hand,5.0,31283.0,Reddit,0.0357142857142857,0.0848031390048277,1.0,221.0,Hand,Entertainment & Media
Mother,14.0,111514.0,Reddit,0.1160714285714285,0.3052561294949401,1.0,222.0,Mother,Entertainment & Media
Photo,3.0,4327.0,Reddit,0.0178571428571428,0.010735374529108,1.0,223.0,Photo,Entertainment & Media
Taken,1.0,420.0,Reddit,0.0,0.0,1.0,224.0,Taken,Entertainment & Media
Trump,22.0,97611.0,Reddit,0.1875,0.2670544627229438,1.0,225.0,Trump,Entertainment & Media
Road,4.0,14664.0,Reddit,0.0267857142857142,0.0391386421276209,1.0,226.0,Road,Entertainment & Media
Money,15.0,42590.0,Reddit,0.125,0.1158717030694873,1.0,227.0,Money,Entertainment & Media
Least,4.0,4952.0,Reddit,0.0267857142857142,0.0124527047263674,1.0,228.0,Least,Entertainment & Media
Yes,1.0,3647.0,Reddit,0.0,0.0088669192744898,1.0,229.0,Yes,Entertainment & Media
Love,9.0,19852.0,Reddit,0.0714285714285714,0.0533938566290319,1.0,230.0,Love,Entertainment & Media
Cat,18.0,42724.0,Reddit,0.1517857142857142,0.1162398986637797,1.0,231.0,Cat,Entertainment & Media
Gun,10.0,28354.0,Reddit,0.0803571428571428,0.0767550427683912,1.0,232.0,Gun,Entertainment & Media
Comment,27.0,73911.0,Reddit,0.2321428571428571,0.2019333016428667,1.0,233.0,Comment,Entertainment & Media
Lol,9.0,7704.0,Reddit,0.0714285714285714,0.0200144530509401,1.0,234.0,Lol,Entertainment & Media
Action,3.0,5259.0,Reddit,0.0178571428571428,0.0132962573192613,1.0,235.0,Action,Entertainment & Media
Amp,19.0,38383.0,Reddit,0.1607142857142857,0.1043120100456947,1.0,236.0,Amp,Entertainment & Media
Policia,1.0,460.0,Reddit,0.0,0.0001099091326246,1.0,237.0,Policia,Entertainment & Media
Ever,4.0,7680.0,Reddit,0.0267857142857142,0.0199485075713653,1.0,238.0,Ever,Entertainment & Media
Stand,6.0,10556.0,Reddit,0.0446428571428571,0.0278509742070743,1.0,239.0,Stand,Entertainment & Media
Day,2.0,1577.0,Reddit,0.0089285714285714,0.0031791216611666,1.0,240.0,Day,Entertainment & Media
Kid,20.0,102630.0,Reddit,0.1696428571428571,0.2808453111390158,1.0,241.0,Kid,Entertainment & Media
Return,1.0,1445.0,Reddit,0.0,0.0028164215235054,1.0,242.0,Return,Entertainment & Media
Sie,2.0,1384.0,Reddit,0.0089285714285714,0.0026488100962529,1.0,243.0,Sie,Entertainment & Media
Ceo,1.0,2921.0,Reddit,0.0,0.0068720685173532,1.0,244.0,Ceo,Entertainment & Media
Really,14.0,21481.0,Reddit,0.1160714285714285,0.0578699060551688,1.0,245.0,Really,Entertainment & Media
Sam,1.0,759.0,Reddit,0.0,0.0009314798989935,1.0,246.0,Sam,Entertainment & Media
Ist,3.0,9224.0,Reddit,0.0178571428571428,0.024191000090675,1.0,160.0,Ist,Entertainment & Media
Pretty,5.0,11175.0,Reddit,0.0357142857142857,0.02955181803444,1.0,247.0,Pretty,Entertainment & Media
Kaikki,1.0,866.0,Reddit,0.0,0.0012254868287643,1.0,248.0,Kaikki,Entertainment & Media
Fuck,8.0,44400.0,Reddit,0.0625,0.1208450913207505,1.0,249.0,Fuck,Entertainment & Media
Right,18.0,37775.0,Reddit,0.1517857142857142,0.1026413912298007,1.0,250.0,Right,Entertainment & Media
Series,2.0,860.0,Reddit,0.0089285714285714,0.0012090004588706,1.0,251.0,Series,Entertainment & Media
Groom,2.0,21585.0,Reddit,0.0089285714285714,0.0581556697999928,1.0,252.0,Groom,Entertainment & Media
Ten,1.0,570.0,Reddit,0.0,0.0004121592473422,1.0,253.0,Ten,Entertainment & Media
Light,16.0,18826.0,Reddit,0.1339285714285714,0.0505746873772108,1.0,254.0,Light,Entertainment & Media
Steam,4.0,4474.0,Reddit,0.0267857142857142,0.0111392905915034,1.0,255.0,Steam,Entertainment & Media
Cerberus,10.0,18304.0,Reddit,0.0803571428571428,0.0491403731964598,1.0,256.0,Cerberus,Entertainment & Media
Tattoo,2.0,1838.0,Reddit,0.0089285714285714,0.0038962787515421,1.0,257.0,Tattoo,Entertainment & Media
 happygilmore2,27000.0,27000.0,TikTok,0.2487275322577616,0.2487275322577616,1.0,258.0, happygilmore2,Entertainment & Media
 psg,88000.0,88000.0,TikTok,0.8215727889112183,0.8215727889112183,1.0,259.0, psg,Entertainment & Media
 clubworldcup,84000.0,84000.0,TikTok,0.7840091655241065,0.7840091655241065,1.0,260.0, clubworldcup,Entertainment & Media
 happygilmore2,17000.0,17000.0,TikTok,0.1548184737899818,0.1548184737899818,1.0,258.0, happygilmore2,Entertainment & Media
 tiktokshopbacktoschool,107000.0,107000.0,TikTok,1.0,1.0,1.0,261.0, tiktokshopbacktoschool,Entertainment & Media
 sydneysweeney,3000.0,3000.0,TikTok,0.02334579193509,0.02334579193509,1.0,262.0, sydneysweeney,Entertainment & Media
 cut,11000.0,11000.0,TikTok,0.0984730387093139,0.0984730387093139,1.0,263.0, cut,Entertainment & Media
 americaneagle,3000.0,3000.0,TikTok,0.02334579193509,0.02334579193509,1.0,264.0, americaneagle,Entertainment & Media
 oof,9000.0,9000.0,TikTok,0.0796912270157579,0.0796912270157579,1.0,265.0, oof,Entertainment & Media
 janacraig,3000.0,3000.0,TikTok,0.02334579193509,0.02334579193509,1.0,266.0, janacraig,Entertainment & Media
 halloweencostume,7000.0,7000.0,TikTok,0.0609094153222019,0.0609094153222019,1.0,267.0, halloweencostume,Entertainment & Media
 kenny,2000.0,2000.0,TikTok,0.013954886088312,0.013954886088312,2.0,268.0, kenny,Entertainment & Media
 jana,2000.0,2000.0,TikTok,0.013954886088312,0.013954886088312,2.0,269.0, jana,Entertainment & Media
 august,13000.0,13000.0,TikTok,0.1172548504028698,0.1172548504028698,1.0,270.0, august,Entertainment & Media
 dominicanparade,3000.0,3000.0,TikTok,0.02334579193509,0.02334579193509,1.0,271.0, dominicanparade,Entertainment & Media
 jayguapo,4000.0,4000.0,TikTok,0.032736697781868,0.032736697781868,1.0,272.0, jayguapo,Entertainment & Media
 relaxingvideos,17000.0,17000.0,TikTok,0.1548184737899818,0.1548184737899818,1.0,273.0, relaxingvideos,Entertainment & Media
 hannahmontana,4000.0,4000.0,TikTok,0.032736697781868,0.032736697781868,1.0,274.0, hannahmontana,Entertainment & Media
 janaandkenny,1000.0,1000.0,TikTok,0.004563980241534,0.004563980241534,1.0,275.0, janaandkenny,Entertainment & Media
 firstdayofschool,7000.0,7000.0,TikTok,0.0609094153222019,0.0609094153222019,1.0,276.0, firstdayofschool,Entertainment & Media
 pinkcardigan,4000.0,4000.0,TikTok,0.032736697781868,0.032736697781868,1.0,277.0, pinkcardigan,Entertainment & Media
 gumball,3000.0,3000.0,TikTok,0.02334579193509,0.02334579193509,2.0,278.0, gumball,Entertainment & Media
 warpedtour,5000.0,5000.0,TikTok,0.042127603628646,0.042127603628646,1.0,279.0, warpedtour,Entertainment & Media
 fidgettoys,15000.0,15000.0,TikTok,0.1360366620964258,0.1360366620964258,1.0,280.0, fidgettoys,Entertainment & Media
 summerlooks,10000.0,10000.0,TikTok,0.0890821328625359,0.0890821328625359,1.0,281.0, summerlooks,Entertainment & Media
 fo,16000.0,16000.0,TikTok,0.1454275679432038,0.1454275679432038,1.0,282.0, fo,Entertainment & Media
 happymonday,6000.0,6000.0,TikTok,0.051518509475424,0.051518509475424,1.0,283.0, happymonday,Entertainment & Media
 99nightsintheforestroblox,6000.0,6000.0,TikTok,0.051518509475424,0.051518509475424,1.0,284.0, 99nightsintheforestroblox,Entertainment & Media
 heatwave,6000.0,6000.0,TikTok,0.051518509475424,0.051518509475424,1.0,285.0, heatwave,Entertainment & Media
 kennyrodriguez,1000.0,1000.0,TikTok,0.004563980241534,0.004563980241534,1.0,286.0, kennyrodriguez,Entertainment & Media
 tawog,2000.0,2000.0,TikTok,0.013954886088312,0.013954886088312,1.0,287.0, tawog,Entertainment & Media
 bakingsoda,12000.0,12000.0,TikTok,0.1078639445560918,0.1078639445560918,1.0,288.0, bakingsoda,Entertainment & Media
 mileycyrus,3000.0,3000.0,TikTok,0.02334579193509,0.02334579193509,1.0,289.0, mileycyrus,Entertainment & Media
 thehuntingwives,2000.0,2000.0,TikTok,0.013954886088312,0.013954886088312,1.0,290.0, thehuntingwives,Entertainment & Media
 lacasadelosfamososmx,3000.0,3000.0,TikTok,0.02334579193509,0.02334579193509,1.0,291.0, lacasadelosfamososmx,Entertainment & Media
 aestheticvideo,12000.0,12000.0,TikTok,0.1078639445560918,0.1078639445560918,1.0,292.0, aestheticvideo,Entertainment & Media
 tylerchilders,5000.0,5000.0,TikTok,0.042127603628646,0.042127603628646,1.0,293.0, tylerchilders,Entertainment & Media
 theamazingworldofgumball,2000.0,2000.0,TikTok,0.013954886088312,0.013954886088312,1.0,294.0, theamazingworldofgumball,Entertainment & Media
 julianbrown,937.0,937.0,TikTok,0.003972353173187,0.003972353173187,1.0,295.0, julianbrown,Entertainment & Media
 illbethere,2000.0,2000.0,TikTok,0.013954886088312,0.013954886088312,1.0,296.0, illbethere,Entertainment & Media
 squishyasmr,12000.0,12000.0,TikTok,0.1078639445560918,0.1078639445560918,1.0,297.0, squishyasmr,Entertainment & Media
 ppg,2000.0,2000.0,TikTok,0.013954886088312,0.013954886088312,1.0,298.0, ppg,Entertainment & Media
 mondaymood,4000.0,4000.0,TikTok,0.032736697781868,0.032736697781868,1.0,299.0, mondaymood,Entertainment & Media
 deionsanders,1000.0,1000.0,TikTok,0.004563980241534,0.004563980241534,1.0,300.0, deionsanders,Entertainment & Media
 scotland,4000.0,4000.0,TikTok,0.032736697781868,0.032736697781868,1.0,301.0, scotland,Entertainment & Media
 coldplaymiami,2000.0,2000.0,TikTok,0.013954886088312,0.013954886088312,1.0,302.0, coldplaymiami,Entertainment & Media
 crushingasmr,12000.0,12000.0,TikTok,0.1078639445560918,0.1078639445560918,1.0,303.0, crushingasmr,Entertainment & Media
 makeitmove,3000.0,3000.0,TikTok,0.02334579193509,0.02334579193509,1.0,304.0, makeitmove,Entertainment & Media
 parade,3000.0,3000.0,TikTok,0.02334579193509,0.02334579193509,1.0,305.0, parade,Entertainment & Media
 lunes,3000.0,3000.0,TikTok,0.02334579193509,0.02334579193509,1.0,306.0, lunes,Entertainment & Media
 squishytoys,11000.0,11000.0,TikTok,0.0984730387093139,0.0984730387093139,1.0,307.0, squishytoys,Entertainment & Media
 toyscollector,12000.0,12000.0,TikTok,0.1078639445560918,0.1078639445560918,1.0,308.0, toyscollector,Entertainment & Media
 softtoys,12000.0,12000.0,TikTok,0.1078639445560918,0.1078639445560918,1.0,309.0, softtoys,Entertainment & Media
 28Ğ¸ÑĞ»Ñ,1000.0,1000.0,TikTok,0.004563980241534,0.004563980241534,1.0,310.0, 28Ğ¸ÑĞ»Ñ,Entertainment & Media
 breakingglass,12000.0,12000.0,TikTok,0.1078639445560918,0.1078639445560918,1.0,311.0, breakingglass,Entertainment & Media
 stressbuster,12000.0,12000.0,TikTok,0.1078639445560918,0.1078639445560918,1.0,312.0, stressbuster,Entertainment & Media
 relaxzone,12000.0,12000.0,TikTok,0.1078639445560918,0.1078639445560918,1.0,313.0, relaxzone,Entertainment & Media
 thewonderfullyweirdworldofgumball,814.0,814.0,TikTok,0.0028172717540333,0.0028172717540333,1.0,314.0, thewonderfullyweirdworldofgumball,Entertainment & Media
 squishylovers,12000.0,12000.0,TikTok,0.1078639445560918,0.1078639445560918,1.0,315.0, squishylovers,Entertainment & Media
 lacasadelosfamosos,3000.0,3000.0,TikTok,0.02334579193509,0.02334579193509,1.0,316.0, lacasadelosfamosos,Entertainment & Media
 squishyanimals,11000.0,11000.0,TikTok,0.0984730387093139,0.0984730387093139,1.0,317.0, squishyanimals,Entertainment & Media
 squishyfruits,11000.0,11000.0,TikTok,0.0984730387093139,0.0984730387093139,1.0,318.0, squishyfruits,Entertainment & Media
 lilpeepğŸ–¤,3000.0,3000.0,TikTok,0.02334579193509,0.02334579193509,1.0,319.0, lilpeepğŸ–¤,Entertainment & Media
 28dejulio,1000.0,1000.0,TikTok,0.004563980241534,0.004563980241534,1.0,320.0, 28dejulio,Entertainment & Media
 janaloveisland,695.0,695.0,TikTok,0.0016997539582668,0.0016997539582668,1.0,321.0, janaloveisland,Entertainment & Media
 loveislandseason6,972.0,972.0,TikTok,0.0043010348778243,0.0043010348778243,1.0,322.0, loveislandseason6,Entertainment & Media
 ralphlauren,2000.0,2000.0,TikTok,0.013954886088312,0.013954886088312,1.0,323.0, ralphlauren,Entertainment & Media
 avatarfireandash,1000.0,1000.0,TikTok,0.004563980241534,0.004563980241534,1.0,324.0, avatarfireandash,Entertainment & Media
 loveislandusaseason6,835.0,835.0,TikTok,0.0030144807768157,0.0030144807768157,1.0,325.0, loveislandusaseason6,Entertainment & Media
 americaneaglejeans,514.0,514.0,TikTok,0.0,0.0,1.0,326.0, americaneaglejeans,Entertainment & Media
 fiestaspatrias,1000.0,1000.0,TikTok,0.004563980241534,0.004563980241534,1.0,327.0, fiestaspatrias,Entertainment & Media
 summervlog,4000.0,4000.0,TikTok,0.032736697781868,0.032736697781868,1.0,328.0, summervlog,Entertainment & Media
 tiocolocho,1000.0,1000.0,TikTok,0.004563980241534,0.004563980241534,1.0,329.0, tiocolocho,Entertainment & Media
 vanswarpedtour,2000.0,2000.0,TikTok,0.013954886088312,0.013954886088312,1.0,330.0, vanswarpedtour,Entertainment & Media
 mediaday,3000.0,3000.0,TikTok,0.02334579193509,0.02334579193509,1.0,331.0, mediaday,Entertainment & Media
 cambodia,3000.0,3000.0,TikTok,0.02334579193509,0.02334579193509,1.0,332.0, cambodia,Entertainment & Media
 kitsune,3000.0,3000.0,TikTok,0.02334579193509,0.02334579193509,1.0,333.0, kitsune,Entertainment & Media
 youneedtonerdout,3000.0,3000.0,TikTok,0.02334579193509,0.02334579193509,1.0,334.0, youneedtonerdout,Entertainment & Media
 ocfair,3000.0,3000.0,TikTok,0.02334579193509,0.02334579193509,1.0,335.0, ocfair,Entertainment & Media
 twwwog,678.0,678.0,TikTok,0.0015401085588715,0.0015401085588715,1.0,336.0, twwwog,Entertainment & Media
 fumbled,1000.0,1000.0,TikTok,0.004563980241534,0.004563980241534,1.0,337.0, fumbled,Entertainment & Media
 noniche,6000.0,6000.0,TikTok,0.051518509475424,0.051518509475424,1.0,338.0, noniche,Entertainment & Media
 lcdlfmx,2000.0,2000.0,TikTok,0.013954886088312,0.013954886088312,1.0,339.0, lcdlfmx,Entertainment & Media
 dreamrotation,2000.0,2000.0,TikTok,0.013954886088312,0.013954886088312,1.0,340.0, dreamrotation,Entertainment & Media
 lilpeep4ever,2000.0,2000.0,TikTok,0.013954886088312,0.013954886088312,1.0,341.0, lilpeep4ever,Entertainment & Media
 leoszn,5000.0,5000.0,TikTok,0.042127603628646,0.042127603628646,1.0,342.0, leoszn,Entertainment & Media
 horrify,3000.0,3000.0,TikTok,0.02334579193509,0.02334579193509,1.0,343.0, horrify,Entertainment & Media
 dodgerstadium,2000.0,2000.0,TikTok,0.013954886088312,0.013954886088312,1.0,344.0, dodgerstadium,Entertainment & Media
 michealjackson,2000.0,2000.0,TikTok,0.013954886088312,0.013954886088312,1.0,345.0, michealjackson,Entertainment & Media
 amazingworldofgumball,1000.0,1000.0,TikTok,0.004563980241534,0.004563980241534,1.0,346.0, amazingworldofgumball,Entertainment & Media
 Ğ´Ğ½ĞµĞ²Ğ½Ğ¸ĞºĞ±ÑƒĞ´ÑƒÑ‰ĞµĞ³Ğ¾,885.0,885.0,TikTok,0.0034840260691546,0.0034840260691546,1.0,347.0, Ğ´Ğ½ĞµĞ²Ğ½Ğ¸ĞºĞ±ÑƒĞ´ÑƒÑ‰ĞµĞ³Ğ¾,Entertainment & Media
 abelito,576.0,576.0,TikTok,0.0005822361625002,0.0005822361625002,1.0,348.0, abelito,Entertainment & Media
 billiejean,949.0,949.0,TikTok,0.0040850440433484,0.0040850440433484,1.0,349.0, billiejean,Entertainment & Media
 peruanosenelmundo,2000.0,2000.0,TikTok,0.013954886088312,0.013954886088312,1.0,350.0, peruanosenelmundo,Entertainment & Media
 creativeitems,4000.0,4000.0,TikTok,0.032736697781868,0.032736697781868,1.0,351.0, creativeitems,Entertainment & Media
 gumballwatterson,858.0,858.0,TikTok,0.0032304716112916,0.0032304716112916,1.0,352.0, gumballwatterson,Entertainment & Media
 offset,1000.0,1000.0,TikTok,0.004563980241534,0.004563980241534,1.0,353.0, offset,Entertainment & Media
 ninelconde,933.0,933.0,TikTok,0.0039347895497999,0.0039347895497999,1.0,354.0, ninelconde,Entertainment & Media
 coachprime,610.0,610.0,TikTok,0.0009015269612906,0.0009015269612906,1.0,355.0, coachprime,Entertainment & Media
 warpedtour2025,1000.0,1000.0,TikTok,0.004563980241534,0.004563980241534,1.0,356.0, warpedtour2025,Entertainment & Media
 ÑĞºĞ¸,816.0,816.0,TikTok,0.0028360535657269,0.0028360535657269,1.0,357.0, ÑĞºĞ¸,Entertainment & Media
Hawaii,7.0,2007469.0,X/Twitter,0.5454545454545454,0.4452862786231796,1.0,358.0,Hawaii,Entertainment & Media
Camp Nexus,11.0,493658.0,X/Twitter,0.9090909090909092,0.1077325509314881,1.0,359.0,Camp Nexus,Entertainment & Media
Oprah,6.0,526071.0,X/Twitter,0.4545454545454545,0.1149600905488318,1.0,360.0,Oprah,Entertainment & Media
American Eagle,12.0,838745.0,X/Twitter,1.0,0.1846809964296003,1.0,361.0,American Eagle,Entertainment & Media
NYPD,12.0,1311397.0,X/Twitter,1.0,0.2900742354144758,1.0,362.0,NYPD,Entertainment & Media
Kenny,8.0,849714.0,X/Twitter,0.6363636363636364,0.1871268941269021,2.0,268.0, kenny,Entertainment & Media
Maui,6.0,270124.0,X/Twitter,0.4545454545454545,0.0578883266750686,1.0,363.0,Maui,Entertainment & Media
#WWERaw,10.0,817713.0,X/Twitter,0.8181818181818182,0.1799912233992738,1.0,364.0,#WWERaw,Entertainment & Media
Kamchatka,7.0,1204380.0,X/Twitter,0.5454545454545454,0.2662112913108977,1.0,365.0,Kamchatka,Entertainment & Media
Sydney Sweeney,11.0,996780.0,X/Twitter,0.9090909090909092,0.2199200740659476,1.0,366.0,Sydney Sweeney,Entertainment & Media
#earthquake,6.0,377334.0,X/Twitter,0.4545454545454545,0.0817943064478581,1.0,367.0,#earthquake,Entertainment & Media
Ryno,9.0,164802.0,X/Twitter,0.7272727272727273,0.0344033383192274,1.0,368.0,Ryno,Entertainment & Media
Jana,8.0,554245.0,X/Twitter,0.6363636363636364,0.1212424063227202,2.0,269.0, jana,Entertainment & Media
Cubs,9.0,539835.0,X/Twitter,0.7272727272727273,0.1180292250101011,1.0,369.0,Cubs,Entertainment & Media
Blackstone,12.0,456179.0,X/Twitter,1.0,0.099375380743032,1.0,370.0,Blackstone,Entertainment & Media
West Coast,6.0,308230.0,X/Twitter,0.4545454545454545,0.0663853070427761,1.0,371.0,West Coast,Entertainment & Media
Honolulu,5.0,76248.0,X/Twitter,0.3636363636363636,0.0146573245817066,1.0,372.0,Honolulu,Entertainment & Media
Shane Tamura,12.0,699447.0,X/Twitter,1.0,0.153619946430626,1.0,373.0,Shane Tamura,Entertainment & Media
Tsunami,4.0,2868832.0,X/Twitter,0.2727272727272727,0.6373553622443837,1.0,374.0,Tsunami,Entertainment & Media
Manhattan,10.0,1344676.0,X/Twitter,0.8181818181818182,0.2974948780864156,1.0,375.0,Manhattan,Entertainment & Media
AR-15,11.0,199803.0,X/Twitter,0.9090909090909092,0.0422079572729389,1.0,376.0,AR-15,Entertainment & Media
Good Tuesday,5.0,175182.0,X/Twitter,0.3636363636363636,0.0367178991814749,1.0,377.0,Good Tuesday,Entertainment & Media
#WWEUnreal,5.0,40428.0,X/Twitter,0.3636363636363636,0.0066700827622745,1.0,378.0,#WWEUnreal,Entertainment & Media
Mario Paint,9.0,50989.0,X/Twitter,0.7272727272727273,0.009025003500829,1.0,379.0,Mario Paint,Entertainment & Media
#TheSummerITurnedPretty,3.0,52199.0,X/Twitter,0.1818181818181818,0.0092948126186825,1.0,380.0,#TheSummerITurnedPretty,Entertainment & Media
Ryne Sandberg,5.0,223726.0,X/Twitter,0.3636363636363636,0.0475423734104675,1.0,381.0,Ryne Sandberg,Entertainment & Media
Roman,9.0,556241.0,X/Twitter,0.7272727272727273,0.1216874798758075,1.0,382.0,Roman,Entertainment & Media
Volpe,4.0,34720.0,X/Twitter,0.2727272727272727,0.0053972972707804,1.0,383.0,Volpe,Entertainment & Media
Midway,4.0,66005.0,X/Twitter,0.2727272727272727,0.0123733123551169,1.0,384.0,Midway,Entertainment & Media
Cincinnati,5.0,1078369.0,X/Twitter,0.3636363636363636,0.2381130130052454,1.0,385.0,Cincinnati,Entertainment & Media
Good Wednesday,2.0,46334.0,X/Twitter,0.0909090909090909,0.0079870188366901,1.0,386.0,Good Wednesday,Entertainment & Media
lizzy,4.0,45280.0,X/Twitter,0.2727272727272727,0.0077519950265929,1.0,387.0,lizzy,Entertainment & Media
#WeWantMelo,9.0,71986.0,X/Twitter,0.7272727272727273,0.0137069721351846,1.0,388.0,#WeWantMelo,Entertainment & Media
Conrad,2.0,61172.0,X/Twitter,0.0909090909090909,0.0112956367628971,1.0,389.0,Conrad,Entertainment & Media
#WWENXT,3.0,40827.0,X/Twitter,0.1818181818181818,0.0067590528763435,1.0,390.0,#WWENXT,Entertainment & Media
Didarul Islam,7.0,126434.0,X/Twitter,0.5454545454545454,0.0258479364731087,1.0,391.0,Didarul Islam,Entertainment & Media
Iuno,4.0,51338.0,X/Twitter,0.2727272727272727,0.0091028244777967,1.0,392.0,Iuno,Entertainment & Media
Hump Day,2.0,13742.0,X/Twitter,0.0909090909090909,0.0007195653085233,1.0,393.0,Hump Day,Entertainment & Media
Karrueche,7.0,38127.0,X/Twitter,0.5454545454545454,0.0061569994728687,1.0,394.0,Karrueche,Entertainment & Media
Hilo,4.0,281421.0,X/Twitter,0.2727272727272727,0.0604073627117555,1.0,395.0,Hilo,Entertainment & Media
Pacific Ocean,5.0,256199.0,X/Twitter,0.3636363636363636,0.0547832919923329,1.0,396.0,Pacific Ocean,Entertainment & Media
Leah,3.0,84600.0,X/Twitter,0.1818181818181818,0.016519676443122,1.0,397.0,Leah,Entertainment & Media
Soto,4.0,56944.0,X/Twitter,0.2727272727272727,0.0103528657296039,1.0,398.0,Soto,Entertainment & Media
Deion Sanders,6.0,126319.0,X/Twitter,0.4545454545454545,0.0258222934577755,1.0,399.0,Deion Sanders,Entertainment & Media
Starmer,6.0,2509934.0,X/Twitter,0.4545454545454545,0.557327302096127,1.0,400.0,Starmer,Entertainment & Media
Coach Prime,7.0,33947.0,X/Twitter,0.5454545454545454,0.005224931611193,1.0,401.0,Coach Prime,Entertainment & Media
Ramos,4.0,68091.0,X/Twitter,0.2727272727272727,0.0128384543549867,1.0,402.0,Ramos,Entertainment & Media
Emil Bove,4.0,224128.0,X/Twitter,0.2727272727272727,0.0476320124727626,1.0,403.0,Emil Bove,Entertainment & Media
Alaska,2.0,265607.0,X/Twitter,0.0909090909090909,0.0568811136293295,1.0,404.0,Alaska,Entertainment & Media
Ensure,2.0,122622.0,X/Twitter,0.0909090909090909,0.0249979262604991,1.0,405.0,Ensure,Entertainment & Media
Gina,3.0,47197.0,X/Twitter,0.1818181818181818,0.00817945294306,1.0,406.0,Gina,Entertainment & Media
Luka,8.0,337353.0,X/Twitter,0.6363636363636364,0.0728792334388487,1.0,407.0,Luka,Entertainment & Media
Uribe,7.0,4495167.0,X/Twitter,0.5454545454545454,1.0,1.0,408.0,Uribe,Entertainment & Media
Creators,3.0,297383.0,X/Twitter,0.1818181818181818,0.0639666132400016,1.0,409.0,Creators,Entertainment & Media
DoubleUp,2.0,34941.0,X/Twitter,0.0909090909090909,0.0054465764567685,1.0,410.0,DoubleUp,Entertainment & Media
Cease,5.0,114315.0,X/Twitter,0.3636363636363636,0.023145608622475,1.0,411.0,Cease,Entertainment & Media
Cory Booker,2.0,16044.0,X/Twitter,0.0909090909090909,0.0012328715806711,1.0,412.0,Cory Booker,Entertainment & Media
Bove,2.0,154907.0,X/Twitter,0.0909090909090909,0.0321969240868633,1.0,413.0,Bove,Entertainment & Media
3% GDP,1.0,17190.0,X/Twitter,0.0,0.0014884098030348,1.0,414.0,3% GDP,Entertainment & Media
Joey,2.0,80853.0,X/Twitter,0.0909090909090909,0.0156841601087442,1.0,415.0,Joey,Entertainment & Media
Flies,2.0,56235.0,X/Twitter,0.0909090909090909,0.0101947709655063,1.0,416.0,Flies,Entertainment & Media
Rusia,3.0,474719.0,X/Twitter,0.1818181818181818,0.1035094807802255,1.0,417.0,Rusia,Entertainment & Media
Schumer,2.0,82703.0,X/Twitter,0.0909090909090909,0.0160966781814954,1.0,418.0,Schumer,Entertainment & Media
Gaza,3.0,4042591.0,X/Twitter,0.1818181818181818,0.8990833625440725,1.0,419.0,Gaza,Entertainment & Media
Nevada,6.0,153988.0,X/Twitter,0.4545454545454545,0.0319920029469399,1.0,420.0,Nevada,Entertainment & Media
Doja,2.0,25639.0,X/Twitter,0.0909090909090909,0.0033723909904269,1.0,421.0,Doja,Entertainment & Media
Token,2.0,497383.0,X/Twitter,0.0909090909090909,0.1085631616455412,1.0,422.0,Token,Entertainment & Media
Momentum,1.0,77963.0,X/Twitter,0.0,0.0150397399842841,1.0,423.0,Momentum,Entertainment & Media
Virginia Giuffre,2.0,124780.0,X/Twitter,0.0909090909090909,0.0254791230177949,1.0,424.0,Virginia Giuffre,Entertainment & Media
Brewers,2.0,36753.0,X/Twitter,0.0909090909090909,0.0058506211853227,2.0,425.0,Brewers,Entertainment & Media
New York City,5.0,263896.0,X/Twitter,0.3636363636363636,0.0564995901577201,1.0,426.0,New York City,Entertainment & Media
The EU,3.0,712811.0,X/Twitter,0.1818181818181818,0.1565998877950842,1.0,427.0,The EU,Entertainment & Media
Rio Ngumoha,1.0,11420.0,X/Twitter,0.0,0.000201799381535,1.0,428.0,Rio Ngumoha,Entertainment & Media
Booker,2.0,86177.0,X/Twitter,0.0909090909090909,0.0168713202272996,1.0,429.0,Booker,Entertainment & Media
NOAA,2.0,41450.0,X/Twitter,0.0909090909090909,0.0068979711246268,1.0,430.0,NOAA,Entertainment & Media
#csm210,2.0,10855.0,X/Twitter,0.0909090909090909,7.581413228941732e-05,1.0,431.0,#csm210,Entertainment & Media
Jeans,3.0,427514.0,X/Twitter,0.1818181818181818,0.092983580442808,1.0,432.0,Jeans,Entertainment & Media
WHAT HAVE I DONE,1.0,15451.0,X/Twitter,0.0,0.0011006428146487,1.0,433.0,WHAT HAVE I DONE,Entertainment & Media
Fujimoto,2.0,10515.0,X/Twitter,0.0909090909090909,0.0,1.0,434.0,Fujimoto,Entertainment & Media
Hamas,3.0,987545.0,X/Twitter,0.1818181818181818,0.2178608284433218,1.0,435.0,Hamas,Entertainment & Media
conrad,1.0,43941.0,X/Twitter,0.0,0.0074534211350178,1.0,389.0,Conrad,Entertainment & Media
Privilege,6.0,578818.0,X/Twitter,0.4545454545454545,0.1267217612425668,1.0,436.0,Privilege,Entertainment & Media
FOMC,3.0,73259.0,X/Twitter,0.1818181818181818,0.0139908291657858,1.0,437.0,FOMC,Entertainment & Media
Doja Cat,2.0,25901.0,X/Twitter,0.0909090909090909,0.0034308124688381,1.0,438.0,Doja Cat,Entertainment & Media
#WednesdayWisdom,1.0,25791.0,X/Twitter,0.0,0.0034062843672151,1.0,439.0,#WednesdayWisdom,Entertainment & Media
Europe,3.0,938984.0,X/Twitter,0.1818181818181818,0.2070325635077147,1.0,440.0,Europe,Entertainment & Media
Erin Burnett,6.0,25852.0,X/Twitter,0.4545454545454545,0.0034198863144788,1.0,441.0,Erin Burnett,Entertainment & Media
Padres,2.0,78375.0,X/Twitter,0.0909090909090909,0.0151316088739995,1.0,442.0,Padres,Entertainment & Media
Taco Tuesday,2.0,15260.0,X/Twitter,0.0909090909090909,0.0010580531109214,1.0,443.0,Taco Tuesday,Entertainment & Media
Police Chief,2.0,169648.0,X/Twitter,0.0909090909090909,0.0354839126870936,1.0,444.0,Police Chief,Entertainment & Media
Soccer,4.0,105365.0,X/Twitter,0.2727272727272727,0.0211499130813271,1.0,445.0,Soccer,Entertainment & Media
Serena,1.0,23772.0,X/Twitter,0.0,0.0029560822110611,1.0,446.0,Serena,Entertainment & Media
Possibly White,6.0,269765.0,X/Twitter,0.4545454545454545,0.0578082758706807,1.0,447.0,Possibly White,Entertainment & Media
Hawley,3.0,54380.0,X/Twitter,0.1818181818181818,0.0097811379790449,1.0,448.0,Hawley,Entertainment & Media
Pencil,2.0,27578.0,X/Twitter,0.0909090909090909,0.0038047545272186,1.0,449.0,Pencil,Entertainment & Media
hayley,7.0,162583.0,X/Twitter,0.5454545454545454,0.0339085396146679,1.0,450.0,hayley,Entertainment & Media
#MondayMotivation,4.0,138362.0,X/Twitter,0.2727272727272727,0.0285076746200151,1.0,451.0,#MondayMotivation,Entertainment & Media
Officer Islam,4.0,55471.0,X/Twitter,0.2727272727272727,0.0100244121505971,1.0,452.0,Officer Islam,Entertainment & Media
Roy Cooper,5.0,108832.0,X/Twitter,0.3636363636363636,0.0219229942479371,1.0,453.0,Roy Cooper,Entertainment & Media
Room 2,2.0,35833.0,X/Twitter,0.0909090909090909,0.0056454770626572,1.0,454.0,Room 2,Entertainment & Media
Automatic,1.0,31276.0,X/Twitter,0.0,0.004629344707237,1.0,455.0,Automatic,Entertainment & Media
Watkins,2.0,71867.0,X/Twitter,0.0909090909090909,0.0136804371888833,1.0,456.0,Watkins,Entertainment & Media
Tito,1.0,11712.0,X/Twitter,0.0,0.0002669103422071,1.0,457.0,Tito,Entertainment & Media
USGS,2.0,50667.0,X/Twitter,0.0909090909090909,0.0089532030578961,1.0,458.0,USGS,Entertainment & Media
Las Vegas,2.0,78895.0,X/Twitter,0.0909090909090909,0.0152475598998539,1.0,459.0,Las Vegas,Entertainment & Media
Orioles,1.0,15380.0,X/Twitter,0.0,0.0010848110399647,1.0,460.0,Orioles,Entertainment & Media
God is Great,3.0,22588.0,X/Twitter,0.1818181818181818,0.0026920706445003,1.0,461.0,God is Great,Entertainment & Media
Jey Uso,3.0,11312.0,X/Twitter,0.1818181818181818,0.000177717245396,1.0,462.0,Jey Uso,Entertainment & Media
Nintendo Direct,1.0,28274.0,X/Twitter,0.0,0.0039599505156698,1.0,463.0,Nintendo Direct,Entertainment & Media
good monday,3.0,66089.0,X/Twitter,0.1818181818181818,0.0123920429054472,1.0,464.0,good monday,Entertainment & Media
New York,3.0,755923.0,X/Twitter,0.1818181818181818,0.1662131197693823,1.0,426.0,New York City,Entertainment & Media
Planned Parenthood,3.0,87586.0,X/Twitter,0.1818181818181818,0.0171855029108167,1.0,465.0,Planned Parenthood,Entertainment & Media
Domain For Sale,1.0,16265.0,X/Twitter,0.0,0.0012821507666592,1.0,466.0,Domain For Sale,Entertainment & Media
Room 1,1.0,157641.0,X/Twitter,0.0,0.0328065589035671,1.0,467.0,Room 1,Entertainment & Media
345 Park Avenue,3.0,39186.0,X/Twitter,0.1818181818181818,0.0063931381966761,1.0,468.0,345 Park Avenue,Entertainment & Media
Ice T,1.0,31595.0,X/Twitter,0.0,0.0047004762019438,1.0,469.0,Ice T,Entertainment & Media
Get Smart,2.0,28871.0,X/Twitter,0.0909090909090909,0.0040930712126604,1.0,470.0,Get Smart,Entertainment & Media
Bubba,3.0,11351.0,X/Twitter,0.1818181818181818,0.0001864135723351,1.0,471.0,Bubba,Entertainment & Media
Yoruba,2.0,75684.0,X/Twitter,0.0909090909090909,0.014531562315203,1.0,472.0,Yoruba,Entertainment & Media
Mar-a-Lago,1.0,77725.0,X/Twitter,0.0,0.0149866700916815,1.0,473.0,Mar-a-Lago,Entertainment & Media
Ana de Armas,1.0,16735.0,X/Twitter,0.0,0.0013869526554122,1.0,474.0,Ana de Armas,Entertainment & Media
Eric Adams,2.0,22167.0,X/Twitter,0.0909090909090909,0.0025981949101067,1.0,475.0,Eric Adams,Entertainment & Media
Labour,1.0,163461.0,X/Twitter,0.0,0.0341043184621683,1.0,476.0,Labour,Entertainment & Media
Sutton,2.0,22474.0,X/Twitter,0.0909090909090909,0.0026666506119092,1.0,477.0,Sutton,Entertainment & Media
Middle Eastern,2.0,61790.0,X/Twitter,0.0909090909090909,0.0114334400974702,1.0,478.0,Middle Eastern,Entertainment & Media
Liam Neeson,1.0,14199.0,X/Twitter,0.0,0.00082146842163,1.0,479.0,Liam Neeson,Entertainment & Media
#MakeOffer,1.0,15928.0,X/Twitter,0.0,0.0012070055825959,1.0,480.0,#MakeOffer,Entertainment & Media
Diaz,1.0,70237.0,X/Twitter,0.0,0.0133169753193781,1.0,481.0,Diaz,Entertainment & Media
Dallas,2.0,71107.0,X/Twitter,0.0909090909090909,0.0135109703049422,1.0,482.0,Dallas,Entertainment & Media
MMTFinance,1.0,19370.0,X/Twitter,0.0,0.0019745121806552,1.0,483.0,MMTFinance,Entertainment & Media
Chris Smalls,1.0,78474.0,X/Twitter,0.0,0.0151536841654603,1.0,484.0,Chris Smalls,Entertainment & Media
Punk,2.0,79909.0,X/Twitter,0.0909090909090909,0.01547366440027,1.0,485.0,Punk,Entertainment & Media
Cartman,1.0,10819.0,X/Twitter,0.0,6.77867535764202e-05,1.0,486.0,Cartman,Entertainment & Media
Adrian,2.0,82386.0,X/Twitter,0.0909090909090909,0.0160259926522726,1.0,487.0,Adrian,Entertainment & Media
OPEN THE ROAD,2.0,80650.0,X/Twitter,0.0909090909090909,0.0156388946121126,1.0,488.0,OPEN THE ROAD,Entertainment & Media
Tom Cruise,1.0,13739.0,X/Twitter,0.0,0.0007188963602972,1.0,489.0,Tom Cruise,Entertainment & Media
Lucho,1.0,17889.0,X/Twitter,0.0,0.0016442747397122,1.0,490.0,Lucho,Entertainment & Media
Guam,2.0,11261.0,X/Twitter,0.0909090909090909,0.0001663451255526,1.0,491.0,Guam,Entertainment & Media
Julian Brown,3.0,147641.0,X/Twitter,0.1818181818181818,0.0305767314832901,1.0,492.0,Julian Brown,Entertainment & Media
Midtown,1.0,81933.0,X/Twitter,0.0,0.0159249814701341,1.0,493.0,Midtown,Entertainment & Media
Flight,2.0,185380.0,X/Twitter,0.0909090909090909,0.0389918771846734,1.0,494.0,Flight,Entertainment & Media
Free Palestine,2.0,159943.0,X/Twitter,0.0909090909090909,0.0333198651757148,1.0,495.0,Free Palestine,Entertainment & Media
billie,1.0,18870.0,X/Twitter,0.0,0.0018630208096414,1.0,496.0,billie,Entertainment & Media
Gore,3.0,40500.0,X/Twitter,0.1818181818181818,0.0066861375197005,1.0,497.0,Gore,Entertainment & Media
Chicago,3.0,202044.0,X/Twitter,0.1818181818181818,0.0427076615978229,1.0,498.0,Chicago,Entertainment & Media
Rivers,3.0,54634.0,X/Twitter,0.1818181818181818,0.00983777559552,1.0,499.0,Rivers,Entertainment & Media
GET A JOB,1.0,32288.0,X/Twitter,0.0,0.004855003242169,1.0,500.0,GET A JOB,Entertainment & Media
Deion,1.0,22561.0,X/Twitter,0.0,0.0026860501104656,1.0,501.0,Deion,Entertainment & Media
kcon,1.0,11868.0,X/Twitter,0.0,0.0003016956499634,1.0,502.0,kcon,Entertainment & Media
Titans,1.0,12888.0,X/Twitter,0.0,0.0005291380468317,1.0,503.0,Titans,Entertainment & Media
Bangladesh,1.0,41140.0,X/Twitter,0.0,0.0068288464745982,1.0,504.0,Bangladesh,Entertainment & Media
Sesko,1.0,53674.0,X/Twitter,0.0,0.0096237121631734,1.0,505.0,Sesko,Entertainment & Media
Lauren,2.0,140769.0,X/Twitter,0.0909090909090909,0.0290443940800757,1.0,506.0,Lauren,Entertainment & Media
seventeen,2.0,206771.0,X/Twitter,0.0909090909090909,0.0437617010193879,1.0,507.0,seventeen,Entertainment & Media
Faze,1.0,10871.0,X/Twitter,0.0,7.93818561618605e-05,1.0,508.0,Faze,Entertainment & Media
Yoru,1.0,18950.0,X/Twitter,0.0,0.0018808594290036,1.0,509.0,Yoru,Entertainment & Media
Stay Safe,1.0,84398.0,X/Twitter,0.0,0.0164746339292324,1.0,510.0,Stay Safe,Entertainment & Media
Gumball,1.0,52856.0,X/Twitter,0.0,0.0094413122801947,2.0,278.0, gumball,Entertainment & Media
Khan,2.0,404207.0,X/Twitter,0.0909090909090909,0.0877865216743684,1.0,511.0,Khan,Entertainment & Media
Bill Maher,2.0,11275.0,X/Twitter,0.0909090909090909,0.000169466883941,1.0,512.0,Bill Maher,Entertainment & Media
Buttigieg,1.0,19663.0,X/Twitter,0.0,0.0020398461240693,1.0,513.0,Buttigieg,Entertainment & Media
Ortiz,1.0,39834.0,X/Twitter,0.0,0.00653763101351,1.0,514.0,Ortiz,Entertainment & Media
33rd Floor,1.0,12870.0,X/Twitter,0.0,0.0005251243574752,1.0,515.0,33rd Floor,Entertainment & Media
SEVENTEEN,1.0,104830.0,X/Twitter,0.0,0.0210306173143423,1.0,507.0,seventeen,Entertainment & Media
Justin Trudeau,1.0,15059.0,X/Twitter,0.0,0.0010132335797738,1.0,516.0,Justin Trudeau,Entertainment & Media
Cameron,1.0,55929.0,X/Twitter,0.0,0.0101265382464458,1.0,517.0,Cameron,Entertainment & Media
Drew,1.0,82195.0,X/Twitter,0.0,0.0159834029485453,1.0,518.0,Drew,Entertainment & Media
Horizon,1.0,24351.0,X/Twitter,0.0,0.0030851892186952,1.0,519.0,Horizon,Entertainment & Media
James Cameron,2.0,45306.0,X/Twitter,0.0909090909090909,0.0077577925778856,1.0,520.0,James Cameron,Entertainment & Media
Nikki,1.0,22326.0,X/Twitter,0.0,0.0026336491660891,1.0,521.0,Nikki,Entertainment & Media
Colored,2.0,26619.0,X/Twitter,0.0909090909090909,0.003590914077614,1.0,522.0,Colored,Entertainment & Media
Salary,1.0,71311.0,X/Twitter,0.0,0.0135564587843159,1.0,523.0,Salary,Entertainment & Media
Reno,3.0,59227.0,X/Twitter,0.1818181818181818,0.0108619353296532,1.0,524.0,Reno,Entertainment & Media
The 33rd,1.0,11801.0,X/Twitter,0.0,0.0002867558062476,1.0,525.0,The 33rd,Entertainment & Media
Sadiq Khan,1.0,71616.0,X/Twitter,0.0,0.0136244685206343,1.0,526.0,Sadiq Khan,Entertainment & Media
Mayor of London,1.0,40826.0,X/Twitter,0.0,0.0067588298936015,1.0,527.0,Mayor of London,Entertainment & Media
Good Monday,1.0,52846.0,X/Twitter,0.0,0.0094390824527744,1.0,464.0,good monday,Entertainment & Media
Sidney Sweeney,1.0,12941.0,X/Twitter,0.0,0.0005409561321591,1.0,528.0,Sidney Sweeney,Entertainment & Media
Sandberg,1.0,61498.0,X/Twitter,0.0,0.0113683291367981,1.0,381.0,Ryne Sandberg,Entertainment & Media
malcolm jamal warner,31650.0,31650.0,Google Trends,1.0,1.0,1.0,529.0,malcolm jamal warner,Entertainment & Media
andy byron,27350.0,27350.0,Google Trends,0.8639240506329114,0.8639240506329114,1.0,530.0,andy byron,Entertainment & Media
ozzy osbourne death,14350.0,14350.0,Google Trends,0.4525316455696203,0.4525316455696203,1.0,531.0,ozzy osbourne death,Entertainment & Media
ozzy osbourne,10600.0,10600.0,Google Trends,0.3338607594936709,0.3338607594936709,1.0,531.0,ozzy osbourne death,Entertainment & Media
astronomer ceo,10600.0,10600.0,Google Trends,0.3338607594936709,0.3338607594936709,1.0,532.0,astronomer ceo,Entertainment & Media
ozzy,9100.0,9100.0,Google Trends,0.2863924050632911,0.2863924050632911,1.0,533.0,ozzy,Entertainment & Media
andy byron astronomer,7750.0,7750.0,Google Trends,0.2436708860759493,0.2436708860759493,1.0,530.0,andy byron,Entertainment & Media
astronomer,7750.0,7750.0,Google Trends,0.2436708860759493,0.2436708860759493,1.0,532.0,astronomer ceo,Entertainment & Media
chronic venous insufficiency,6650.0,6650.0,Google Trends,0.2088607594936709,0.2088607594936709,1.0,534.0,chronic venous insufficiency,Entertainment & Media
venous insufficiency,5900.0,5900.0,Google Trends,0.185126582278481,0.185126582278481,1.0,534.0,chronic venous insufficiency,Entertainment & Media
foist,5850.0,5850.0,Google Trends,0.1835443037974683,0.1835443037974683,1.0,535.0,foist,Entertainment & Media
loris,5700.0,5700.0,Google Trends,0.1787974683544304,0.1787974683544304,1.0,536.0,loris,Entertainment & Media
kristin cabot,5400.0,5400.0,Google Trends,0.1693037974683544,0.1693037974683544,1.0,537.0,kristin cabot,Entertainment & Media
malcolm-jamal warner,4400.0,4400.0,Google Trends,0.1376582278481012,0.1376582278481012,1.0,538.0,malcolm-jamal warner,Entertainment & Media
astronomer ceo andy byron,4250.0,4250.0,Google Trends,0.1329113924050632,0.1329113924050632,1.0,539.0,astronomer ceo andy byron,Entertainment & Media
loris definition,4150.0,4150.0,Google Trends,0.1297468354430379,0.1297468354430379,1.0,540.0,loris definition,Entertainment & Media
connie francis,3900.0,3900.0,Google Trends,0.1218354430379746,0.1218354430379746,1.0,541.0,connie francis,Entertainment & Media
did ozzy osbourne die,3700.0,3700.0,Google Trends,0.115506329113924,0.115506329113924,1.0,542.0,did ozzy osbourne die,Entertainment & Media
alaska tsunami,3250.0,3250.0,Google Trends,0.1012658227848101,0.1012658227848101,1.0,543.0,alaska tsunami,Entertainment & Media
megan kerrigan byron,2900.0,2900.0,Google Trends,0.0901898734177215,0.0901898734177215,1.0,544.0,megan kerrigan byron,Entertainment & Media
andy byron wife,2650.0,2650.0,Google Trends,0.0822784810126582,0.0822784810126582,1.0,530.0,andy byron,Entertainment & Media
colbert cancelled,2000.0,2000.0,Google Trends,0.0617088607594936,0.0617088607594936,1.0,545.0,colbert cancelled,Entertainment & Media
elsie hewitt,1850.0,1850.0,Google Trends,0.0569620253164556,0.0569620253164556,1.0,546.0,elsie hewitt,Entertainment & Media
foist meaning,1800.0,1800.0,Google Trends,0.055379746835443,0.055379746835443,1.0,547.0,foist meaning,Entertainment & Media
ozzy osborne,1650.0,1650.0,Google Trends,0.050632911392405,0.050632911392405,1.0,548.0,ozzy osborne,Entertainment & Media
andy byron astronomer wife,1650.0,1650.0,Google Trends,0.050632911392405,0.050632911392405,1.0,549.0,andy byron astronomer wife,Entertainment & Media
felix baumgartner,1550.0,1550.0,Google Trends,0.0474683544303797,0.0474683544303797,1.0,550.0,felix baumgartner,Entertainment & Media
streameast,1400.0,1400.0,Google Trends,0.0427215189873417,0.0427215189873417,1.0,551.0,streameast,Entertainment & Media
astronomer company,1350.0,1350.0,Google Trends,0.0411392405063291,0.0411392405063291,1.0,552.0,astronomer company,Entertainment & Media
camisole,1350.0,1350.0,Google Trends,0.0411392405063291,0.0411392405063291,1.0,553.0,camisole,Entertainment & Media
colbert,1250.0,1250.0,Google Trends,0.0379746835443038,0.0379746835443038,1.0,554.0,colbert,Entertainment & Media
stephen colbert,1250.0,1250.0,Google Trends,0.0379746835443038,0.0379746835443038,1.0,555.0,stephen colbert,Entertainment & Media
malcolm jamal warner shows,1250.0,1250.0,Google Trends,0.0379746835443038,0.0379746835443038,1.0,529.0,malcolm jamal warner,Entertainment & Media
sharon osbourne,1200.0,1200.0,Google Trends,0.0363924050632911,0.0363924050632911,1.0,556.0,sharon osbourne,Entertainment & Media
did ozzy osbourne pass,1200.0,1200.0,Google Trends,0.0363924050632911,0.0363924050632911,1.0,542.0,did ozzy osbourne die,Entertainment & Media
coldplay kiss cam,1050.0,1050.0,Google Trends,0.0316455696202531,0.0316455696202531,1.0,557.0,coldplay kiss cam,Entertainment & Media
stephen colbert cancelled,1050.0,1050.0,Google Trends,0.0316455696202531,0.0316455696202531,1.0,545.0,colbert cancelled,Entertainment & Media
usyk,1050.0,1050.0,Google Trends,0.0316455696202531,0.0316455696202531,1.0,558.0,usyk,Entertainment & Media
coldplay,900.0,900.0,Google Trends,0.0268987341772151,0.0268987341772151,1.0,559.0,coldplay,Entertainment & Media
bill cosby,900.0,900.0,Google Trends,0.0268987341772151,0.0268987341772151,1.0,560.0,bill cosby,Entertainment & Media
malcolm jamal warner dead,900.0,900.0,Google Trends,0.0268987341772151,0.0268987341772151,1.0,529.0,malcolm jamal warner,Entertainment & Media
fever vs sun,850.0,850.0,Google Trends,0.0253164556962025,0.0253164556962025,1.0,561.0,fever vs sun,Entertainment & Media
fever vs liberty,850.0,850.0,Google Trends,0.0253164556962025,0.0253164556962025,1.0,562.0,fever vs liberty,Entertainment & Media
inter miami cincinnati,850.0,850.0,Google Trends,0.0253164556962025,0.0253164556962025,1.0,563.0,inter miami cincinnati,Entertainment & Media
modal,800.0,800.0,Google Trends,0.0237341772151898,0.0237341772151898,1.0,564.0,modal,Entertainment & Media
dog the bounty hunter,750.0,750.0,Google Trends,0.0221518987341772,0.0221518987341772,1.0,565.0,dog the bounty hunter,Entertainment & Media
horace slughorn wand,700.0,700.0,Google Trends,0.0205696202531645,0.0205696202531645,1.0,566.0,horace slughorn wand,Entertainment & Media
corey adams,650.0,650.0,Google Trends,0.0189873417721519,0.0189873417721519,1.0,567.0,corey adams,Entertainment & Media
andy byron statement,650.0,650.0,Google Trends,0.0189873417721519,0.0189873417721519,1.0,530.0,andy byron,Entertainment & Media
black sabbath,650.0,650.0,Google Trends,0.0189873417721519,0.0189873417721519,1.0,568.0,black sabbath,Entertainment & Media
red sox vs cubs,650.0,650.0,Google Trends,0.0189873417721519,0.0189873417721519,1.0,569.0,red sox vs cubs,Entertainment & Media
max holloway,650.0,650.0,Google Trends,0.0189873417721519,0.0189873417721519,1.0,570.0,max holloway,Entertainment & Media
ozzy osbourne songs,600.0,600.0,Google Trends,0.0174050632911392,0.0174050632911392,1.0,571.0,ozzy osbourne songs,Entertainment & Media
federal judge reverses medical debt,500.0,500.0,Google Trends,0.0142405063291139,0.0142405063291139,1.0,572.0,federal judge reverses medical debt,Entertainment & Media
drum and bass meaning,450.0,450.0,Google Trends,0.0126582278481012,0.0126582278481012,1.0,573.0,drum and bass meaning,Entertainment & Media
dow jones,450.0,450.0,Google Trends,0.0126582278481012,0.0126582278481012,1.0,574.0,dow jones,Entertainment & Media
alyssa stoddard,450.0,450.0,Google Trends,0.0126582278481012,0.0126582278481012,1.0,575.0,alyssa stoddard,Entertainment & Media
stream east,450.0,450.0,Google Trends,0.0126582278481012,0.0126582278481012,1.0,576.0,stream east,Entertainment & Media
national ice cream day,450.0,450.0,Google Trends,0.0126582278481012,0.0126582278481012,1.0,577.0,national ice cream day,Entertainment & Media
brewers,400.0,400.0,Google Trends,0.0110759493670886,0.0110759493670886,2.0,425.0,Brewers,Entertainment & Media
cal raleigh,400.0,400.0,Google Trends,0.0110759493670886,0.0110759493670886,1.0,578.0,cal raleigh,Entertainment & Media
kelly osbourne,400.0,400.0,Google Trends,0.0110759493670886,0.0110759493670886,1.0,579.0,kelly osbourne,Entertainment & Media
all star game,400.0,400.0,Google Trends,0.0110759493670886,0.0110759493670886,1.0,580.0,all star game,Entertainment & Media
pacquiao vs barrios,400.0,400.0,Google Trends,0.0110759493670886,0.0110759493670886,1.0,581.0,pacquiao vs barrios,Entertainment & Media
severe thunderstorm watch,350.0,350.0,Google Trends,0.0094936708860759,0.0094936708860759,1.0,582.0,severe thunderstorm watch,Entertainment & Media
coldplay concert,350.0,350.0,Google Trends,0.0094936708860759,0.0094936708860759,1.0,583.0,coldplay concert,Entertainment & Media
scottie scheffler,350.0,350.0,Google Trends,0.0094936708860759,0.0094936708860759,1.0,584.0,scottie scheffler,Entertainment & Media
untamed,350.0,350.0,Google Trends,0.0094936708860759,0.0094936708860759,1.0,585.0,untamed,Entertainment & Media
jessie murph 1965 music video,350.0,350.0,Google Trends,0.0094936708860759,0.0094936708860759,1.0,586.0,jessie murph 1965 music video,Entertainment & Media
wnba all star game,300.0,300.0,Google Trends,0.0079113924050632,0.0079113924050632,1.0,580.0,all star game,Entertainment & Media
mlb all star game,300.0,300.0,Google Trends,0.0079113924050632,0.0079113924050632,1.0,580.0,all star game,Entertainment & Media
ufc schedule,300.0,300.0,Google Trends,0.0079113924050632,0.0079113924050632,1.0,587.0,ufc schedule,Entertainment & Media
astros,300.0,300.0,Google Trends,0.0079113924050632,0.0079113924050632,1.0,588.0,astros,Entertainment & Media
mariners,300.0,300.0,Google Trends,0.0079113924050632,0.0079113924050632,1.0,589.0,mariners,Entertainment & Media
mlb scores,300.0,300.0,Google Trends,0.0079113924050632,0.0079113924050632,1.0,590.0,mlb scores,Entertainment & Media
open stock,250.0,250.0,Google Trends,0.0063291139240506,0.0063291139240506,1.0,591.0,open stock,Entertainment & Media
dodgers,250.0,250.0,Google Trends,0.0063291139240506,0.0063291139240506,1.0,592.0,dodgers,Entertainment & Media
nascar race today,250.0,250.0,Google Trends,0.0063291139240506,0.0063291139240506,1.0,593.0,nascar race today,Entertainment & Media
yankees vs blue jays,250.0,250.0,Google Trends,0.0063291139240506,0.0063291139240506,1.0,594.0,yankees vs blue jays,Entertainment & Media
ceo coldplay concert,250.0,250.0,Google Trends,0.0063291139240506,0.0063291139240506,1.0,583.0,coldplay concert,Entertainment & Media
all star game 2025,250.0,250.0,Google Trends,0.0063291139240506,0.0063291139240506,1.0,580.0,all star game,Entertainment & Media
andrea gibson,250.0,250.0,Google Trends,0.0063291139240506,0.0063291139240506,1.0,595.0,andrea gibson,Entertainment & Media
ufc 318,250.0,250.0,Google Trends,0.0063291139240506,0.0063291139240506,1.0,596.0,ufc 318,Entertainment & Media
tizzy definition,250.0,250.0,Google Trends,0.0063291139240506,0.0063291139240506,1.0,597.0,tizzy definition,Entertainment & Media
the summer i turned pretty season 3,250.0,250.0,Google Trends,0.0063291139240506,0.0063291139240506,1.0,598.0,the summer i turned pretty season 3,Entertainment & Media
nvda stock,250.0,250.0,Google Trends,0.0063291139240506,0.0063291139240506,1.0,599.0,nvda stock,Entertainment & Media
yahoo finance,200.0,200.0,Google Trends,0.0047468354430379,0.0047468354430379,1.0,600.0,yahoo finance,Entertainment & Media
kristin cabot husband,200.0,200.0,Google Trends,0.0047468354430379,0.0047468354430379,1.0,537.0,kristin cabot,Entertainment & Media
tsla stock,200.0,200.0,Google Trends,0.0047468354430379,0.0047468354430379,1.0,601.0,tsla stock,Entertainment & Media
phillies,200.0,200.0,Google Trends,0.0047468354430379,0.0047468354430379,1.0,602.0,phillies,Entertainment & Media
mets,200.0,200.0,Google Trends,0.0047468354430379,0.0047468354430379,1.0,603.0,mets,Entertainment & Media
mlb all star game 2025,200.0,200.0,Google Trends,0.0047468354430379,0.0047468354430379,1.0,580.0,all star game,Entertainment & Media
the summer i turned pretty,200.0,200.0,Google Trends,0.0047468354430379,0.0047468354430379,1.0,598.0,the summer i turned pretty season 3,Entertainment & Media
dustin poirier,190.0,190.0,Google Trends,0.0044303797468354,0.0044303797468354,1.0,604.0,dustin poirier,Entertainment & Media
ufc,190.0,190.0,Google Trends,0.0044303797468354,0.0044303797468354,1.0,605.0,ufc,Entertainment & Media
the open leaderboard,190.0,190.0,Google Trends,0.0044303797468354,0.0044303797468354,1.0,606.0,the open leaderboard,Entertainment & Media
manny pacquiao,170.0,170.0,Google Trends,0.0037974683544303,0.0037974683544303,1.0,607.0,manny pacquiao,Entertainment & Media
max holloway vs dustin poirier,170.0,170.0,Google Trends,0.0037974683544303,0.0037974683544303,1.0,608.0,max holloway vs dustin poirier,Entertainment & Media
caitlin clark,150.0,150.0,Google Trends,0.0031645569620253,0.0031645569620253,1.0,609.0,caitlin clark,Entertainment & Media
john macarthur,150.0,150.0,Google Trends,0.0031645569620253,0.0031645569620253,1.0,610.0,john macarthur,Entertainment & Media
chick fil a,130.0,130.0,Google Trends,0.0025316455696202,0.0025316455696202,1.0,611.0,chick fil a,Entertainment & Media
nvda,130.0,130.0,Google Trends,0.0025316455696202,0.0025316455696202,1.0,612.0,nvda,Entertainment & Media
conor mcgregor,120.0,120.0,Google Trends,0.0022151898734177,0.0022151898734177,1.0,613.0,conor mcgregor,Entertainment & Media
manny pacquiao vs mario barrios,110.0,110.0,Google Trends,0.0018987341772151,0.0018987341772151,1.0,581.0,pacquiao vs barrios,Entertainment & Media
nvidia stock,100.0,100.0,Google Trends,0.0015822784810126,0.0015822784810126,1.0,614.0,nvidia stock,Entertainment & Media
the open,100.0,100.0,Google Trends,0.0015822784810126,0.0015822784810126,1.0,606.0,the open leaderboard,Entertainment & Media
nascar,100.0,100.0,Google Trends,0.0015822784810126,0.0015822784810126,1.0,615.0,nascar,Entertainment & Media
the resident,100.0,100.0,Google Trends,0.0015822784810126,0.0015822784810126,1.0,616.0,the resident,Entertainment & Media
heat advisory,100.0,100.0,Google Trends,0.0015822784810126,0.0015822784810126,1.0,617.0,heat advisory,Entertainment & Media
astros vs mariners,100.0,100.0,Google Trends,0.0015822784810126,0.0015822784810126,1.0,618.0,astros vs mariners,Entertainment & Media
pizza hut,100.0,100.0,Google Trends,0.0015822784810126,0.0015822784810126,1.0,619.0,pizza hut,Entertainment & Media
inter miami,90.0,90.0,Google Trends,0.0012658227848101,0.0012658227848101,1.0,563.0,inter miami cincinnati,Entertainment & Media
ufc tonight,90.0,90.0,Google Trends,0.0012658227848101,0.0012658227848101,1.0,620.0,ufc tonight,Entertainment & Media
dow jones today,90.0,90.0,Google Trends,0.0012658227848101,0.0012658227848101,1.0,574.0,dow jones,Entertainment & Media
deodorant recalled,90.0,90.0,Google Trends,0.0012658227848101,0.0012658227848101,1.0,621.0,deodorant recalled,Entertainment & Media
severe thunderstorm warning,90.0,90.0,Google Trends,0.0012658227848101,0.0012658227848101,1.0,582.0,severe thunderstorm watch,Entertainment & Media
jennifer love hewitt,70.0,70.0,Google Trends,0.000632911392405,0.000632911392405,1.0,622.0,jennifer love hewitt,Entertainment & Media
s&p 500,50.0,50.0,Google Trends,0.0,0.0,1.0,623.0,s&p 500,Entertainment & Media
